,Title,Date
0,"준오헤어, 50%할인 이벤트 수능수험생 준오에 반하다’",2018.11.15
1,"삼성바이오로직스 회계 조작 최초 제기 홍순탁 회계사 ""3억 아파트로 20억 번 꼴""",2018.11.15
2,"BBQ, bhc 상대 1천억원 손배 청구…끝나지 않는 치킨 전쟁",2018.11.15
3,반도체 힘으로 버틴 3분기…4분기 이후 암울,2018.11.15
4,"비트코인 등 암호화폐 일제 폭락…연중 최저치 기록, 국내 거래도  급격한 하락세",2018.11.15
5,삼바 고의 분식회계…본사·공장있는 인천도 파장 주시,2018.11.15
6,"""연체 바로갚아도 신용등급에 악재…휴대폰 할부미납도 불이익""",2018.11.15
7,내년 1월 공공택지 분양가 공개항목 12개→62개 확대,2018.11.15
8,내년부터 외과 레지던트 수련기간 4년→3년 단축,2018.11.15
9,"메가스터디의 수능 인강 프리패스, “2020 0원 메가패스” 환급 대학 전격 확대",2018.11.15
10,"라이프스타일 힐팩, 수요 특가 이벤트 1차에 이어 2차까지 완판 기록",2018.11.15
11,"9·13대책 발표 두 달…""2억∼3억원 내려도 집 안 팔려""",2018.11.15
12,"""관세는 내렸는데…수입 초콜릿·고가 맥주 가격은 오히려 올라""",2018.11.15
13,㈜한라 천진법인 청산에 따른 243억원 투자금 회수,2018.11.15
14,"오티스, 2018 한국국제승강기엑스포서 차세대 혁신기술 선보여",2018.11.15
15,"도공, 내년 2월부터 고속도로 모든 휴게공간에 무료 와이파이서비스 제공",2018.11.15
16,"코레일, 국내 유일‘철도교통 관제교육 기관’ 지정 박차",2018.11.15
17,"일본 농림어업신용보증기금, 한국 농신보 포항센터 방문",2018.11.15
18,"이베이코리아·우정사업본부, 소상공인·지역경제 활성화 위한 업무협약 체결",2018.11.15
19,[이코노 브리핑] KB금융 대국민안전문화확산 MOU 외,2018.11.15
20,‘계열사 고의 누락’ 이건희 회장 고발,2018.11.15
21,"中, 한국行 단체관광 온라인 판매 허용",2018.11.14
22,정부 “치매연구 10년간 5826억 투입”,2018.11.14
23,목표주가 하향 조정 … 바이오株 약세 전망,2018.11.14
24,이재용 경영권 승계로 불똥 튀나,2018.11.14
25,고의 분식 결론… 당국·삼바 법정공방 예고,2018.11.14
26,"“크기는 소형화, 기술은 고도화”… 데이터 처리 8배",2018.11.14
27,올 순익 11년 만에 최고…춤추는 은행들,2018.11.14
28,전국 14곳 8000억 투입 도시재생사업,2018.11.14
29,"중대한 항공사고·갑질 항공사, 신규 운수권 신청자격 2년간 박탈",2018.11.14
30,"한국경제연구원 ""최저임금 인상에 일자리 47만개 감소""",2018.11.14
31,“기업 생산성 높여야 수출 통한 고용증대 효과”,2018.11.14
32,실업급여 설명회장 북적…경제 허리 4050 무너지다,2018.11.14
33,고의 분식회계 결론에 삼성바이오·업계 충격,2018.11.14
34,"내부문건이 결정적 증거 … 삼바, 최장 1년 거래정지",2018.11.14
35,트럼프의 감산 제동 발언… 국제유가 7%대 폭락,2018.11.14
36,실업자 환란 후 최대… 내 일이 없다,2018.11.14
37,"증선위 “삼성바이오, 고의 분식회계”",2018.11.14
38,"금융당국 ""삼성바이오로직스 고의적 분식회계""…바이오기업 발목잡나? [일상톡톡 플러스]",2018.11.14
39,증선위 삼성바이오 분식회계 혐의 인정 네티즌 반응은? 삼성심판vs정치보복,2018.11.14
40,과학기술장관회의 11년만에 부활… 文정부 첫 회의 개최,2018.11.14
41,"증선위 ""삼성바이오 2015년 회계처리 고의 위반""",2018.11.14
42,"콜러노비타, 11월 문화산책 ‘플라워 미니 떡 케이크 만들기’ 참가자 모집",2018.11.14
43,사드 여파 회복 중…베이징 한중 관광상담회 북새통,2018.11.14
44,청년 실업난 잦아들까…20대 후반 고용지표 개선 조짐,2018.11.14
45,"맥도날드 ""울산 드라이브스루 매장 갑질 사건 점원 주문실수 없었다""",2018.11.14
46,"""독점노선 항공료 싸질까…"" 운수권·슬롯 지키기 비상",2018.11.14
47,"車업계, 정부에 내수 활성화·부품업체 금융지원 요청",2018.11.14
48,"‘기업 수요 맞춘 토론’ 청년취업아카데미, ‘글로벌비즈니스 수출입 실무과정’ 연수생 모집",2018.11.14
49,"중대 사고·갑질 항공사, 신규 운수권 최대 2년간 박탈",2018.11.14
50,"한국열린사이버대학 창업경영컨설팅학과, 플레이몽과 14일 산학 업무협약 체결",2018.11.14
51,"김태한 삼성바이오로직스 사장, 분식회계 혐의에 ""회계처리 적법성 본질 봐달라""",2018.11.14
52,"한경연 ""최저임금 인상에 2021년까지 일자리 47만6천개 감소""",2018.11.14
53,"두피·탈모 전문 브랜드 웰킨, 솔랩 두피케어 세계화 위한 홍콩 코스모프로프 2018 참가",2018.11.14
54,"코레일, 수능 수험생 열차 30% 할인…내년 2월까지",2018.11.14
55,95℃ 디테일로 완성하는 커피의 맛,2018.11.14
56,"한국소비자원 ""두부·시리얼 등 가격↓…햄과 밀가루 등은 ↑""",2018.11.14
57,10월 실업률 13년만에 최고…고용률 9개월째 내리막,2018.11.14
58,"삼성, 오는 23일 반도체 백혈병 공식 사과할 듯",2018.11.14
59,2기 경제팀 출범…경기·일자리 상황 나아질까? [김현주의 일상 톡톡],2018.11.14
60,"11월 투자설명회, 2019년 주식시장과 부동산시장 전망",2018.11.14
61,"볼보트럭-도로교통공단, 어린이 교통안전 교육 MOU 체결",2018.11.14
62,사장될 아이디어 살려 사장 육성… 삼성 창업의 요람 [연중기획-창의·혁신 현장을 가다],2018.11.14
63,저시력자 눈 밝힌 릴루미노 적외선 카메라 개발 이그니스 [연중기획-창의·혁신 현장을 가다],2018.11.14
64,"[이코노 브리핑] BC카드, 베트남 결제사업 진출 외",2018.11.14
65,해외 자원개발과 생산에 국내 스마트 기술 적용된다,2018.11.14
66,"한전, 3분기 연속 적자서 흑자로",2018.11.13
67,또 감원 바람 부나… 조선업계 뒤숭숭,2018.11.13
68,먹튀·벌집계좌…먹이감 전락한 가상화폐시장,2018.11.13
69,국제유가 급등에 수입물가 껑충…소비자물가 뒤따라 오를듯,2018.11.13
70,이 불황에… 국세수입만 나홀로 호황,2018.11.13
71,하후상박 연대임금 전략 J노믹스에 담기나,2018.11.13
72,줄줄이 오른다… 연말 앞두고 먹거리 물가 들썩,2018.11.13
73,"""관세폭탄 맞을라""… 국내 車업계 좌불안석",2018.11.13
74,"트럼프 ""자동차에 25% 관세""…글로벌 통상갈등 커지나",2018.11.13
75,"""제2의 윤창호 비극 막는다""…주류광고서 음주 장면 금지",2018.11.13
76,"안다르, 감성 캐주얼 라인 ‘스웨트 셔츠·크롭탑’ 출시",2018.11.13
77,"SBA, ‘중소기업 취업태도 변화조사’ 결과 공개… 미취업 청년 대상",2018.11.13
78,대한항공 역대 최대 분기실적 달성,2018.11.13
79,"산은 ""한국GM 노사와 개별적 양자대화 나설 것""",2018.11.13
80,카카오 카풀 한 걸음 앞으로…연말 럭시 합병,2018.11.13
81,김현미 주거취약계층 위해 공공임대 적극 확보,2018.11.13
82,"""제2의 윤창호 막는다""…주류광고서 음주 장면 금지",2018.11.13
83,"올해 4인 가족 김장비용…""시장은 27만원, 마트는 30만원""",2018.11.13
84,强달러 장기화되나? 유럽발 정치 불확실성…1140원에 바짝 다가선 원·달러 환율,2018.11.13
85,"말과 함께하는 2018년 Hi& Farm Tour! 마·농(馬農) 문화체험 사업, 올해 첫 시행",2018.11.13
86,"농민단체 ""껌값만도 못한 쌀 목표가격 올려야""",2018.11.13
87,하루 13명 술로 사망…음주의 사회경제적 비용 10조 육박,2018.11.13
88,"세포랩, 신제품 바이오제닉 리파이닝 에센스 출시… 기념 이벤트도 진행",2018.11.13
89,"""올해 4인가족 김장비용 26만7천원…최적일은 서울 11월 29일""",2018.11.13
90,미세먼지 주범으로 지목된 경유차 퇴출 가능할까?,2018.11.13
91,"[이코노 브리핑] 삼성디스플레이, UHD 비디오월 출시 외",2018.11.13
92,수능 당일 은행·증시 “오전 10시에 개장”,2018.11.13
93,"손학규 “이언주, 정체성 분명히 하라”…이언주 “나는 신보수, 한국당 안 가”",2018.11.12
94,자동차보험 손해율 악화…올해 2104억원 적자전환,2018.11.12
95,일자리 연계형 공동주택 4만가구 공급,2018.11.12
96,글로벌 악재에 신흥국 펀드도 ‘추풍낙엽’,2018.11.12
97,"상의 회장단 ""파격적인 규제개혁 필요""…성윤모 장관 ""기업 애로사항 끝장볼 것""",2018.11.12
98,15일 마지노선…광주시·현대차 협상 실마리 찾을까?,2018.11.12
99,경제 수장 교체에도 성장률 전망 줄줄이 하향 조정…문제는?,2018.11.12
100,홍남기 “고용상황 엄중하게 생각”,2018.11.12
101,삼성바이오로직스 주가 뚝뚝…상장폐지 글쎄 [일상톡톡 플러스],2018.11.12
102,"박용만 ""파격적 규제개혁 필요""·성윤모 ""서포터 역할 다하겠다""",2018.11.12
103,산은·한국GM 노사 3자 대화 제안에 노사 입장 엇갈려,2018.11.12
104,산은·한국GM 노사 3자 대화…노조 조건부 참여 의사,2018.11.12
105,"신재생에너지 인프라 전문기업 에이피이씨, 국내 실적 기반으로 동남아 시장 진출에 박차",2018.11.12
106,"금융위 ""미중 무역분쟁, 한국에 직격탄…철저히 대비해야""",2018.11.12
107,내년부터 치료 목적 고도비만 수술에 건보 적용,2018.11.12
108,자동차보험 손해율 83.7%…보험료 올릴 듯,2018.11.12
109,정부 발표 앞두고 카드수수료 인하 찬반 장외투쟁 가열,2018.11.12
110,"중국 온라인 판매왕 왕홍들, 광군제에 선택한 한국 브랜드",2018.11.12
111,"토오텍, 자동 비례제어 밸브로 산업 자동화에 도움",2018.11.12
112,2018 K-PET FAIR서 퍼피엔젤 고객 감사 이벤트 진행,2018.11.12
113,가상화폐시장 당국 무관심에 혼탁…투자사기 의심 사례도,2018.11.12
114,"""민주당 승리에도 美 대중 통상압박 지속…한국 피해 우려""",2018.11.12
115,"10월 자동차 내수·수출·생산↑…""조업일 증가 효과""",2018.11.12
116,내년부터 새 차 고장 반복되면 교환·환불…레몬법 시행,2018.11.12
117,"카카오맵, 버스·지하철 내려야 할 때 알려준다",2018.11.12
118,"홍남기 ""고용상황 엄중히 생각…민생경제 추가대책 고민""",2018.11.12
119,소득 찔끔 올랐다고 기초연금 싹둑 안 깎인다,2018.11.12
120,"車리스, 중도해지수수료 줄인다…잔여기간별 차등화 추진",2018.11.12
121,청년실업의 그늘…취업후 학자금 미상환율 상승,2018.11.12
122,"""용돈연금 개혁 논의 산으로? 국민노후 어쩌나"" [김현주의 일상 톡톡]",2018.11.12
123,LG유플러스 ‘보안논란’ 속 화웨이와 5G 준비,2018.11.12
124,"롯데월드 어드벤처, 명동서 크리스마스 미라클 축제 공연 선보여",2018.11.12
125,장하성 떠나자 통화음 바꾼 김상조…잊지말고 기억해요,2018.11.12
126,"“로봇, 4차 산업혁명 주역… 글로벌 플레이어 키워야”",2018.11.11
127,"주금공, 유한책임 적격대출 도입",2018.11.11
128,멈춰선 제조업 공장… IMF 이후 가동 최악,2018.11.11
129,"홍남기 ""올해 성장률 당초 정부 생각에 못 미칠 것""",2018.11.11
130,"홍남기, 예보로 첫 출근…청문회 준비 본격 착수",2018.11.11
131,832회 나눔로또 당첨번호와 당첨금은?…1등 당첨자 총 9명,2018.11.11
132,"김광두 ""경제 뿌리가 흔들려…위기 논쟁은 한가한 말장난""",2018.11.11
133,"직장인들 ""올해 빼빼로데이는 주말이라 다행"" [일상톡톡 플러스]",2018.11.11
134,다음주 ‘래미안 리더스원 당첨자 발표’…전국에서 4432가구 분양,2018.11.11
135,2%대 저성장 고착화 우려…경제 투톱 교체로 반전될까,2018.11.10
136,"경제 투톱교체, 예산안 심사 변수될까",2018.11.10
137,3개월째 배송중…광군제·블프에 해외직구 소비자불만 폭주,2018.11.10
138,“18년 글로벌 경영현장 노하우 풀어 청년 기업가 양성 힘쓸 것”,2018.11.10
139,"코엑스 아쿠아리움, 수험생 대상 이벤트 실시",2018.11.10
140,"무디스, 한국 경제성장률 전망치 또 낮춰…신흥국 경제 타격 커",2018.11.09
141,제조업 공급지수 통계 작성 이래 최대 폭 감소,2018.11.09
142,J노믹스 고수 재확인…홍남기 내정자 경제정책 방향은?,2018.11.09
143,예산·정책통…홍남기 경제부총리 내정자는 누구?,2018.11.09
144,삼성전자·LG전자·네이버 ‘2019 CES’에서 혁신상 휩쓸어,2018.11.09
145,"한솔교육, 2018 신기한 수학나라 메이킹 콘테스트 개최",2018.11.09
146,"“콜러의 공간과 콜러의 향기, 향기로 이끌어 내는 공간의 기억”",2018.11.09
147,중국 CERCG 채권 최종 디폴트… 국내 투자 채권 1645억원 연쇄부도,2018.11.09
148,"수협 ""노량진 구시장 불만 근거없다…이전시 지원""",2018.11.09
149,"강북청솔학원 유신 강사, 겨울방학위한 국어 학습법 소개",2018.11.09
150,"기재부 그린북 ""산업생산·투자·고용 부진…불확실성 확대""",2018.11.09
151,"최태원 SK 회장, 베트남 총리와 면담…""민관협력 증진""",2018.11.09
152,“한국 경제 위기다” vs “아니다”…위기론 놓고 갑론을박,2018.11.09
153,"""법인세는 오르고, 규제는 많고""… 해외로 떠나는 기업들",2018.11.09
154,늘어난 고용비용 실업난 부추겨…임금·근로정책 부작용 적지않아 [김현주의 일상 톡톡],2018.11.09
155,"도시바, 영국 원전사업법인 청산키로…한전 인수 구상 차질",2018.11.09
156,"롯데홈쇼핑, 호주에서 중소기업 해외 진출 지원",2018.11.09
157,신형 갤럭시 사면 헤드폰 선물…삼성전자 ‘갓스물 프로모션’진행,2018.11.09
158,"카카오, 매출 신기록 달성…스마트홈 사업 진출",2018.11.09
159,"농협, 2018 전남 친환경·우수농산물 대축제 개최 !",2018.11.09
160,테팔 프리미엄케어와 함께 건강하게 헤어케어하세요!,2018.11.09
161,"농협재단, 자매결연마을에 난방비 및 복지용품 지원",2018.11.09
162,“맥버거 식재료·위생 직접 확인하세요”,2018.11.09
163,"[이코노 브리핑] 삼성카드, 모바일 학습 기업과 제휴",2018.11.09
164,"농협, 「2018 축산물플라자 경연대회」개최",2018.11.09
165,"日 도시바, 英 원전사업법인 청산키로",2018.11.08
166,“2% 핵심직원을 발굴하라”,2018.11.08
167,"5G 전쟁…이통 3사, 상용화 준비 박차",2018.11.08
168,KDI “경기 둔화” 처음으로 공식화,2018.11.08
169,쌀 목표가 19만6000원으로…0.5ha 미만 소농 안전망 강화,2018.11.08
170,"손태승 우리은행장, 우리금융 회장 내정",2018.11.08
171,“産銀·한국GM·노조 3자 대화하자”,2018.11.08
172,“집값 상승 → 빚 증가… 금융불균형 심화”,2018.11.08
173,"검찰, ‘배출가스 인증 비리’ BMW 벌금 301억원·벤츠 28억원 구형",2018.11.08
174,운행시스템 = 운전자… 자율車 규제 미리 없앤다,2018.11.08
175,美 중간선거 국내 증시 영향…“긍정적 VS 변화 미미”,2018.11.08
176,정부 ICO방침 부재 속 민간단체 가이드라인 속속 제시,2018.11.08
177,피부 전문 홈케어 뷰티 화장품 ‘더마제이 펩타스틴 스킨케어 라인’ 런칭,2018.11.08
178,"천재교과서 밀크T중학, 중학교 반편성 배치고사 교재 증정 이벤트 오픈",2018.11.08
179,미세먼지 차량2부제 민간부문 확대…경유차 인센티브 폐지,2018.11.08
180,스위스 수면 전문기관이 권하는 좋은 침대의 4가지 필수조건,2018.11.08
181,"우리금융지주, 새 회장에 손태승 행장 내정",2018.11.08
182,"‘묻지마 창업’ 여전… 준비기간 짧고, 적성보다 수익",2018.11.08
183,제조사 우윳값 인상…커피값 상승 도미노 시작하나,2018.11.08
184,알기 어려운 부동산법… 담보신탁이란,2018.11.08
185,"코스피 미국발 훈풍에 상승…단숨에 장중 2,120대 회복",2018.11.08
186,"""4시간 동안 감금당했다""…대형마트 지점 직원 감사담당자 고소",2018.11.08
187,우리금융지주 회장 조기 확정되나…오늘 임시이사회 결정 주목,2018.11.08
188,경기불황 직격탄 중소기업…적절한 퇴로 열어줘야 [김현주의 일상 톡톡],2018.11.08
189,"이재용, MS CEO와 회동… 글로벌 경영 전면에",2018.11.08
190,"aT, 한국사회적기업진흥원과 업무협약(MOU) 체결",2018.11.08
191,"농협, 2018 도농협동희망포럼 개최",2018.11.08
192,‘아파트 모형’은 ‘증강현실 3D 모델’로 대체될 수 있을까,2018.11.08
193,"포스텍 연구팀, 인간처럼 촉감 구별하는 인공센서 개발",2018.11.08
194,[이코노 브리핑] 프리미엄 가전가구 ‘LG 오브제’ 판매 외,2018.11.08
195,분양시장 양극화…수도권은 수백대일·지방 아파트는 미달 속출,2018.11.07
196,“내년 전국 집값 내리막 전망”,2018.11.07
197,종합·전문건설 시공 칸막이 도입 42년 만에 사라진다,2018.11.07
198,"현대·기아차, 車 공유 업체 그랩에 2800억 ‘통 큰 투자’",2018.11.07
199,스마트폰으로 자율차 부르면 알아서 도착,2018.11.07
200,"KT, 앱노리 VR 스포츠 콘텐츠 독점 공급",2018.11.07
201,손경식 “회계 투명성 강화… ‘뉴 경총’될 것”,2018.11.07
202,우리금융지주 4년 만에 부활…금융 5대 지주 체제로,2018.11.07
203,2019년 최저임금 10.9% 인상 땐 일자리 최대 51만개 감소할 듯,2018.11.07
204,3분기 상장사 3곳 중 1곳 ‘어닝쇼크’,2018.11.07
205,도·소매업 통계 이후 최대폭 감소…문 닫는 자영업자들,2018.11.07
206,"2019년 종부세 부담액, 1주택자 23만원· 다주택 159만원 증가",2018.11.07
207,전기요금에 사회·환경비용 반영한다,2018.11.07
208,"""BMW 발화, EGR 밸브가 원인""…추가 리콜 가능성은?",2018.11.07
209,"구 노량진시장 상인-수협 사흘째 충돌…""수협, 폭력·단전 중단""",2018.11.07
210,유류세 인하 첫날 고속도로 알뜰주유소 휘발유 119원↓,2018.11.07
211,"""BMW 화재 원인은 EGR 밸브 문제…회사 발표와 달라""",2018.11.07
212,돈 몰리는 저축은행…예금 보호 못 받는 돈 6조원 넘어,2018.11.07
213,국내 연구개발 상위 1천대 기업 투자 46조원…7.9%↑,2018.11.07
214,"국내 패션업계 빅4 코오롱FnC, 날개없는 추락",2018.11.07
215,"식약처, 도장형 결핵 백신 회수…""첨부용액서 비소 검출""",2018.11.07
216,차량2부제 효과있을까? 자동차 요일제 10명 중 8명 이상 불참,2018.11.07
217,"굿네이버스, 대한민국 아동권리지수 연구결과 발표하는 자리 가져",2018.11.07
218,수술실 조명으로부터 영감 받은 시력보호 LED 책상 스탠드 라문 아물레또,2018.11.07
219,"IMG NORWAY 노르웨지아 리클라이너, 롯데렌탈 묘미서 렌탈서비스 진행",2018.11.07
220,"""BMW 화재 원인은 EGR 밸브 문제…회사 발표와 달라""",2018.11.07
221,"""아이디어 하나로 고난 이겨… 한국 청년들 새로운 희망 발견하길""",2018.11.07
222,"코스피, 열흘 만에 장중 2,100선 회복…美선거 결과 주시",2018.11.07
223,"넥스젠바이오텍, 유전자 재조합 기술로 탄생한 동물성장호르몬 국제화장품원료집에 등재",2018.11.07
224,대기업 정규직은 바늘구멍…오늘도 취업 준비 중,2018.11.07
225,"레고그룹, 중국 레핀 상대 저작권소송서 승소",2018.11.07
226,편의점 미세먼지 마스크 판매량 전년대비 70% 급등…방한용보다 4배 더 잘팔려,2018.11.07
227,한국시설안전공단 ‘우수기관’사례 발표… “2년 연속 A등급”,2018.11.07
228,바이오의약품 세계 최대 생산규모… CMO 글로벌 톱 도전,2018.11.07
229,직원 평균나이 28.7세… 젊고 활기찬 ‘삼바’,2018.11.07
230,[이코노 브리핑] ‘연말정산 미리보기 서비스’ 시작 외,2018.11.07
231,"베트남 컨터시, 한국농협 농기계은행사업 벤치마킹 나선다",2018.11.07
232,"한국산 아크릴섬유 반덤핑 세율… 중국, 최고 21.7%로 상향 조정",2018.11.07
233,분양원가 공개 항목 12개서 → 61개로 대폭 확대,2018.11.06
234,최종구 “증권거래세 폐지 검토 필요”,2018.11.06
235,"파손 미얀마 가스전 가스관…포스코대우, 조기 복구 완료",2018.11.06
236,클라우드로 갈아타는 대한항공 IT시스템,2018.11.06
237,"협력이익 공유제…중소기업 ""환영"" 대기업 ""불편""",2018.11.06
238,“스마트 영화관 구현”… KT·CJ CGV 손잡았다,2018.11.06
239,토요타 ‘올 뉴 아발론 하이브리드’ 출시,2018.11.06
240,"삼성, 자급제 전용 갤럭시J4+ 판매",2018.11.06
241,"LS전선, 오만 첫 통신망 사업자로 선정",2018.11.06
242,"현대차, 고성능차 N타고 中 부진 탈출한다",2018.11.06
243,“프리미엄 철강재와 에너지소재로 고객사 경쟁력 강화”,2018.11.06
244,보안기능 강화 QR코드 표준 제정,2018.11.06
245,"비은행 금융중개 규모 883조…""충격시 금융뇌관""",2018.11.06
246,9월 경상수지 흑자… 1년만에 100억弗 돌파,2018.11.06
247,"국내 증권사, 中 CERCG 투자 1600억 떼이나",2018.11.06
248,"제 밥그릇 챙기는 현대차노조 ""광주형일자리 저지""",2018.11.06
249,"중소기업 10곳 중 8곳 ""연내 채용계획 없다""",2018.11.06
250,"잿빛 가득한 경제전망…""내년 좋아질 것"" 장하성과 인식차",2018.11.06
251,"""내년 성장률 2.6%""…투자 위축에 더 암울한 한국경제",2018.11.06
252,"미국 중간선거에 코트라 ""결과 상관 없이 미국 對中 통상견제 유지될 것""",2018.11.06
253,"1월부터 분양원가 공개 확대… 김동연 ""집값 불안 재연되면 즉시 대책""",2018.11.06
254,“편의점 본사는 착취를 중단하고 상생 나서라”,2018.11.06
255,"김동연 ""부동산가격 아직 방심 못해…불안정시 과감한 대책""",2018.11.06
256,"동아대 김경태 교수팀, 노화 결정하는 ‘스위치 유전자’ 발견",2018.11.06
257,오피넷 접속 폭주…유류세 인하 첫날 서울서 휘발유 L당 22원 하락,2018.11.06
258,"홍보대행사 필라멘트리, 차별화된 아이디어로 승부수",2018.11.06
259,"빨간펜 수학의 달인 인천부천지사, 13일·20일 창업설명회 개최",2018.11.06
260,"라라츄 ‘헤어쿠션’, 롯데홈쇼핑 앵콜 2차 방송까지 매진 기록",2018.11.06
261,오피넷서 지역별 직영·최저가 주유소 확인 가능…오늘(6일)부터 유류세 인하,2018.11.06
262,건강보험료 내년 3.49% 인상…8년만에 최고 인상률,2018.11.06
263,올해 수입차 1만대 클럽 브랜드 역대 최다 전망,2018.11.06
264,드론으로 만든 새로운 문화적 시각 경험하는 축제의 장,2018.11.06
265,우체국연하카드로 사랑과 감사의 마음을 전하세요,2018.11.06
266,"해양수산부, 서울광장서 시민과 함께하는 K-씨푸드 행사 개최",2018.11.06
267,"스타벅스, 50여개 특성화고 대상 잡 페어 개최",2018.11.06
268,"농협, 녹용·벌꿀·계란 소비촉진 통합홍보 행사 가져",2018.11.06
269,"현대글로비스, 포장 자동화로봇 도입",2018.11.06
270,‘원유 수급 리스크 완화’ 정유업계 안도,2018.11.05
271,"직영주유소 ""내일부터 기름값 바로 내린다""…70% 넘는 자영주유소는?",2018.11.05
272,라돈 생리대 라돈 온수매트…라돈 얼마나 위험하길래? [이슈탐색],2018.11.05
273,"경제자유구역, 2027년까지 80조 투자 유치",2018.11.05
274,“취업보다 차라리 창업”… 청년 창업 첫 10% 넘었다,2018.11.05
275,"박용만 “상당수 규제, 국민 기본권 침해 수준”",2018.11.05
276,올 들어 중소기업 제조업 생산 4.3% 급감,2018.11.05
277,투어2000·JNTO(일본정부관광국) 북해도 무료여행 이벤트 열어,2018.11.05
278,"모두함께, 차별없이, 최고의 성과를…최정우의 포스코 개혁선언문",2018.11.05
279,"핀터레스트와 손잡은 데이터바이저, 머신러닝으로 기업 신뢰도 향상한다",2018.11.05
280,중기 제조업 생산 4.3% 급감… 금융위기 후 최대 낙폭,2018.11.05
281,"올스본코리아 전위치료기·알칼리이온수기, 국내외 소비자 눈길 끌어",2018.11.05
282,"국내 애니메이션 ‘지구와 사람과 동물’, 中 국제수입박람회서 소개된다",2018.11.05
283,"""주문제작이라 구매 취소 불가""…전자상거래 피해 매년 증가",2018.11.05
284,"종합 엔터테인먼트 기업 앤유 엔터테인먼트 주식회사 출범, 합병 완료",2018.11.05
285,"유한양행, 얀센에 임상단계 폐암 치료제 기술수출",2018.11.05
286,"국내 미술금융, 아직 매매 차익 실현 수준",2018.11.05
287,김 앤 장 청와대 경제팀 교체설 솔솔…경기 되살아날까? [김현주의 일상 톡톡],2018.11.05
288,핀테크 발달로 공동구매 활성화 … 1만원에 피카소 작품 소유,2018.11.05
289,롯데물산  2018 롯데월드타워 포토피크닉 시상식 진행,2018.11.05
290,"실라키스 벤츠 대표, 글로벌 경영대상",2018.11.05
291,전세계 43개 남은 파베르제의 달걀… 롤스로이스가 다시 살려,2018.11.05
292,"블랙야크, ‘Landscape Jeju by Blackyak’ 상으로 ‘제주의 겨울’ 선정",2018.11.05
293,"농협상호금융,「전자전표시스템」전국 도입!",2018.11.05
294,[이코노 브리핑] ‘1사1교 금융교육’ 참여 추가 신청받아 외,2018.11.05
295,“미래 車 핵심은 ‘플랫폼’… 국내기업 힘 합쳐 대응해야” [차 한잔 나누며],2018.11.04
296,"3D 넘어… SK하이닉스, 96단 4D 낸드플래시 개발 성공",2018.11.04
297,경총 “상법 개정안에 반대”,2018.11.04
298,실직·폐업 상호금융권 대출자 최대 3년 상환 유예,2018.11.04
299,제조업도 ‘부익부 빈익빈’…양극화 심화,2018.11.04
300,정규직 앞지른 비정규직 증가 폭 …저임금 고용 증가,2018.11.04
301,"""열악한 환경에서 근로? 아예 취업 포기한다"" [이슈탐색]",2018.11.04
302,6일부터 유류세 15%↓…국제유가 오르면 인하효과 감소 [이슈탐색],2018.11.04
303,"현실 괴리된 창업기업 부담금 면제규정…정부 ""개정 검토""",2018.11.04
304,등기부등본 믿고 샀는데… 아파트 잃게 된 이 모씨,2018.11.04
305,버스 타기에서 붕어빵까지…현금으로만 살아봤다,2018.11.04
306,사뭇 달라진 식탁의 풍경…집밥 이제 옛말? [김현주의 일상 톡톡],2018.11.04
307,"저물가 맞나…외식물가 2.7%↑, 7년만에 최대폭 껑충",2018.11.03
308,가상화폐 자산가치 열공하는 가상화폐 거래소들,2018.11.03
309,"휘발유·경유 18주 연속 상승곡선…""유류세 인하로 약세 전망""",2018.11.03
310,몰라서 더 힘들다…문턱 낮은 대부업체에 빠지는 20대,2018.11.03
311,"휘발유·경유 18주 연속 상승곡선…""곧 약세로 돌아설 것""",2018.11.03
312,역대 최고가 아이폰XS 첫날 개통 실적은?,2018.11.03
313,"“첫 강의 때 인생계획서 받아… 청춘들, 자기 삶의 주인 되라”",2018.11.03
314,“소득주도성장 중요 조건은 일자리 안정”,2018.11.02
315,현물 복지 121조 소득통계 반영…왜 우려할까?,2018.11.02
316,"소득분배 지표만 개선?…통계청, 복지서비스 통계 논란",2018.11.02
317,"12시간 줄 서 아이폰·애플워치 득템한 1호 구매자 ""250만원 안아깝다""",2018.11.02
318,"통신요금 인하 여파… 이통3사, 3분기 실적 일제히 ‘먹구름’",2018.11.02
319,"공정위 前인사담당 “퇴직자 재취업, 기업도 원한다고 생각”",2018.11.02
320,"원안위 ""라돈 논란 오늘습관 생리대, 안전기준에 적합""",2018.11.02
321,편의점 심야 할증 할까…최저임금 無대책에 투쟁 예고,2018.11.02
322,"정부, 비축미 5만t 풀어 쌀값 잡는다",2018.11.02
323,"""기대수명 증가에 맞춰 국민연금 급여수준 재검토해야""",2018.11.02
324,"한국소비자원 ""생활가전 해외직구 시 국내가격, AS 여부 확인해야""",2018.11.02
325,부드러움이 계속 가는 알파카 카페트 관리법,2018.11.02
326,"서브웨이 1+1, 전 세계111개국· 4만 4000개 매장 연 샌드위치 가게?",2018.11.02
327,"하츠, 친환경 흙공 활용한 양재천 정화 봉사활동 실시",2018.11.02
328,"삼성, 3분기 스마트폰 불안한 1위…화웨이, 또 애플 따돌려",2018.11.02
329,"편의점주들 ""정부·본사 최저임금 인상 대책 없으면 투쟁""",2018.11.02
330,"""독감백신 11월까지 맞으세요""…접종률 아동 61%·노인 81%",2018.11.02
331,"아이폰XS·XR 개통 개시…""20대 여성에 가장 인기""",2018.11.02
332,"NH투자 ""롯데케미칼, 하반기 실적 부진…목표주가↓""",2018.11.02
333,"""금융시장 변동성 확대 배제 못 해…시장안정 노력""",2018.11.02
334,"이주열 ""국내 금융시장 변동성 확대 가능성 배제 못 해""",2018.11.02
335,"노인 5명 중 1명은 사회활동 안한다…""고립 위험 파악해야""",2018.11.02
336,"""증시 11월엔 회복된다고?""…문제는 경제펀더멘털이야 [김현주의 일상 톡톡]",2018.11.02
337,"동양철관, 대주주 유상증자 100% 참여로 책임경영 강화",2018.11.02
338,‘4차산업 시대를 대비한 기계설비산업 발전방안’ 토론회 열려,2018.11.02
339,홈플러스 새 CI 공개,2018.11.02
340,[이코노 브리핑] 현대차 ‘더 뉴 아반떼 스포츠’ 판매 외,2018.11.02
341,"SK이노, 울산에 50㎿h급 ESS",2018.11.02
342,10월 車 내수판매 대부분 20% 이상 ↑,2018.11.02
343,SK(주) ‘2018년 ESG우수기업’ 대상 수상,2018.11.02
344,"LG전자, 가구같은 가전제품 ‘오브제’ 출시",2018.11.02
345,은행 디지털 전환 경쟁 가속화…채용에서 유리한 고지 점하려면?,2018.11.01
346,국민 3명 중 1명 땅 갖고 있다,2018.11.01
347,"“朴정부 ‘뉴스테이’, 대형 건설사에 특혜… 개선해야”",2018.11.01
348,파 42% 무 35% 쌀 24%…소비자 물가 13개월 만에 최대폭 상승,2018.11.01
349,수출로 버티는 경제,2018.11.01
350,시중은행 ‘디지털 혁신’ 바람,2018.11.01
351,공개 사모발행 등 개인투자 확대… 혁신기업 자본공급,2018.11.01
352,‘한국경제 효자’ 반도체 초호황시대 막내리나,2018.11.01
353,‘광주형 일자리’ 반쪽 합의… 현대차 노조 반대 넘을까,2018.11.01
354,"김동연 ""지금이라도 책임지고 싶은 심정이 왜 없겠느냐""",2018.11.01
355,G7 고용률 다 올랐는데… 한국은 제자리,2018.11.01
356,“중소기업 회계부정 막기 위해 자금·회계업무 분리해야”,2018.11.01
357,"컬러풀 라이프스타일샵 어반리빙, 홈플러스 춘천점 그랜드 오픈",2018.11.01
358,국회로 넘어간 쌀 목표가격·직불제 개편…‘농업인직불제’ 도입되나,2018.11.01
359,“2019년 세계경제성장률 3.5%로 하향… 선진국·신흥국 동반 둔화”,2018.11.01
360,"김동연 ""대통령 시정연설 이행·예산안처리 잘 대응하라"" 지시",2018.11.01
361,친환경에 자율주행까지… 미래 차 시장 생존 방법은 ‘오월동주’,2018.11.01
362,"에스엔제이(SNJ), 세계 3대 뷰티 박람회 홍콩 코스모프로프 2018 참가",2018.11.01
363,"쌀목표가 정부안 18만8천192원…""실질적으론 19만4천원""",2018.11.01
364,한솔교육 ‘신기한나라 라이브러리 리미티드 에디션’ 출시,2018.11.01
365,"김종갑 ""국회가 국민이 공감할 전기요금 체계 협의 해달라""",2018.11.01
366,"신도산업, 충격흡수시설 CCSII 카타르 아쉬갈 등록",2018.11.01
367,대농집중 쌀 직불제 손본다…다른 작물로도 확대,2018.11.01
368,"금융연구원 ""내년 경제성장률 2.6%…취업자는 13만명 증가""",2018.11.01
369,완전 무선 플랜트로닉스 블루투스 이어폰 백비트핏 3100 출시,2018.11.01
370,국민 70% 이상 “라면 몸에 좋지는 않지만… 그래도 한달 한번 이상 먹어”,2018.11.01
371,"SBA, 중국 텐센트와 글로벌 웹툰 제작지원 공모",2018.11.01
372,"신기록 제조기 한국 수출, 내년에도 경제 버팀목 될까",2018.11.01
373,"폭행·엽기행각 양진호 ""회사 운영 손 떼겠다""…SNS에 사과문",2018.11.01
374,"배달앱 요기요, 15일부터 1만원 이하 주문에 수수료 없애",2018.11.01
375,서울어워드 공동 홍보관 해외 바이어 관심 속 마무리,2018.11.01
376,"김동연 ""경제상황 제 책임…끝까지 책임 다하는 것이 도리""",2018.11.01
377,"김동연 ""투자감소 반전모멘텀에 집중…근로단축협의 마무리해야""",2018.11.01
378,박상인 “증시 급락은 과민반응… 김동연·장하성 빨리 교체해야”,2018.11.01
379,"효성, 대한제국 마지막 ‘황실’ 재현한다",2018.11.01
380,"G마켓과 옥션, 연중 최대 할인 행사 빅스마일데이 진행",2018.11.01
381,"""더 스마트하고, 안전하며, 지속가능한 미래를 위하여"" 존슨콘트롤즈코리아 비전 발표",2018.11.01
382,개인정보보호서비스 1년간 무료,2018.11.01
383,"에어부산·전일본공수, 16~17년 항공이용객 만족도 1위",2018.11.01
384,정부 못 믿는 이유? 금융위기 때도 “점차 안정”,2018.11.01
385,세계은행 기업환경평가에서 우리나라 5위,2018.10.31
386,‘잔인한 10월’…경제지표는 줄줄이 하락,2018.10.31
387,"현대·기아차, 태양광車 시대 연다",2018.10.31
388,"“배당 인색·특정기업 쏠림, 한국증시 저평가 主원인”",2018.10.31
389,국민연금 주식투자 수익률 -5%… ‘10월 대폭락’ 반영 땐 더 낮아질 듯,2018.10.31
390,"‘수수료 인하’ 당국 또 압력… 업계, 생계보장 시위 나설 판",2018.10.31
391,‘삼바’ 분식 논란 재감리 심의 돌입,2018.10.31
392,유인드론 시험비행 가능해진다,2018.10.31
393,생산·소비 동반 부진…본격적인 경기 하강국면 신호,2018.10.31
394,"은행대출 거절 중소기업 10곳 중 5곳 ""한도 초과""",2018.10.31
395,"답 안나오는 차량공유… 입법조사처 ""정부, 향후 계획 분명히해야""",2018.10.31
396,공공목적 드론비행 사전승인없이 허용,2018.10.31
397,우체국물류지원단 사회적 가치 구현을 위한 업무협약 체결,2018.10.31
398,"산업생산, 5년반만에 최대 감소…경기동행지수 반년째 하락",2018.10.31
399,"금융당국 ""세컨더리보이콧 루머 유포과정 조사…적발시 엄중 제재""",2018.10.31
400,"현정은, 금강산관광 20주년 방북 위해 北주민접촉 신청",2018.10.31
401,"체외진단기기 변경 허가 빨라진다…""중대사항 아니면 즉시""",2018.10.31
402,"""미혼모 임신·출산 지원 강화…동거가족법·제도 도입해야""",2018.10.31
403,상용차 내수 부진에 현대차 전주공장도 위기,2018.10.31
404,"진승정보기술, 업무 효율성 높여주는 모바일 mPOS 시스템 선봬",2018.10.31
405,"""통신비 부담 여전…보편요금제 도입하고 요금할인 25→30%로""",2018.10.31
406,품질인증 대체부품 특약 도입했지만…소비자 환급 실적은 저조,2018.10.31
407,"호남 지역 의원들, ""호남선 KTX 세종 경유 직선화 추진"" 촉구",2018.10.31
408,금감원 복리후생비 공개…공시항목 30개→116개,2018.10.31
409,"산업생산, 5년반만에 최대 감소…경기동행지수 반년째 하락",2018.10.31
410,폭행 논란 위디스크 회장… 워크숍에선 엽기 행각,2018.10.31
411,"적은 보수, 교통체증, 사납금 부담…""택시기사들도 할말 있다?"" [김현주의 일상 톡톡]",2018.10.31
412,맛집 투어·편의점 탐방…20대의 ‘소확행’,2018.10.31
413,"[동영상] 세븐일레븐, 무민 캐릭터 생활용품 출시",2018.10.31
414,“다이소 지원으로 매출 5배 껑충… 이것이 상생” [2018 유망 강소기업],2018.10.31
415,“1000원보다 가치있게” 품질 관리… 서민에 ‘천원의 소확행’ [2018 유망 강소기업],2018.10.31
416,"대우건설, 업계 최초 ISO37001 획득",2018.10.31
417,"세븐일레븐, 무민 캐릭터 더블월 글라스, 행거 피규어 선봬",2018.10.31
418,“한라산 소주 매출 두배로 확대할 것”,2018.10.31
419,[이코노 브리핑] 삼성카드 ‘천권의 자서전’ 출간 기념회 외,2018.10.31
420,"이재용 삼성전자 부회장, 베트남 총리 만나 향후 투자 논의",2018.10.30
421,대부분 공정 로봇이 작업… 스마트공장 완벽 구현,2018.10.30
422,“드론·로봇시장 선점” 민·관·군 협력 강화,2018.10.30
423,“이미 땅값 다 올랐는데… 뒤늦게 거래 묶어”,2018.10.30
424,KT “수에즈 운하에 스마트 인프라 구축”,2018.10.30
425,“환경보호·공헌·반도체 생태계 강화”,2018.10.30
426,"삼성전자, 반도체 진출 30년 만에 세계 1위 ‘신화’",2018.10.30
427,금융권 대출시장 혹한기 진입,2018.10.30
428,대출금리 10개월 만에 최저…예금금리는 0.03%P 올라,2018.10.30
429,정책금융 놔두고 대부업체 찾는 20↑… 청년 연체율 증가,2018.10.30
430,최악의 코스닥시장… 10월에만 23% 폭락,2018.10.30
431,질적 측면 개선?…임금근로자 3분의 1이 비정규직,2018.10.30
432,김동연 “일자리 단기간 해결 안 될 것”,2018.10.30
433,기업 체감경기 22개월 만에 최저… 제조업·수출도 부진,2018.10.30
434,국세·지방세 비율 ‘70대 30’으로 맞춘다,2018.10.30
435,공공택지 6곳 토지거래허가구역 지정,2018.10.30
436,"넥슨 메이플스토리2, 글로벌 시장에서 새로운 역사 쓰다",2018.10.30
437,금융당국 미스터리 쇼핑에서 신한·하나 등 5개 은행과 유진투자증권 낙제점,2018.10.30
438,게임빌 ‘크리티카 천상의 기사단’ 유저친화형 대규모 업데이트,2018.10.30
439,"최고 기대작 ‘블레이드 & 소울 레볼루션’, 또 다시 서버 증설",2018.10.30
440,"윌유엔터테인먼트, 2018 콘텐츠문화광장 융복합공연 파이어큐브 지원 나서",2018.10.30
441,올해 정규직 임금 인상분 15만8000원 vs 비정규직 7만5000원 2.1배 차이,2018.10.30
442,최저임금 인상·정규직화 힘썼는데…취약계층 근로여건 뒷걸음,2018.10.30
443,"홈퍼니싱 브랜드 ‘발릴라’, 국내에서 북유럽 열풍난방방식의 온풍매트 출시",2018.10.30
444,"2018 EF 영어능력지수 발표… 스웨덴 1위, 한국 56.27점으로 31위 기록",2018.10.30
445,"2018 인천 국제 1인 미디어 페스티벌(IISF 2018), 11월 3일 개막",2018.10.30
446,"코스피 연저점 찍고서 반등…2,000선 회복",2018.10.30
447,"에이디디자인, DIY 키트 개발 적용한 ‘아쿠아 싱크대 드레인’ 론칭… 기존 제품과 호환 가능",2018.10.30
448,"석유협회·주유소협회 ""유류세 인하 최대한 빨리 가격에 반영""",2018.10.30
449,유류세 내달부터 6개월간 15% 내린다…국무회의 의결,2018.10.30
450,"김동연 ""한국경제 어렵다…일자리 단기간에 해결 안 될 것""",2018.10.30
451,"금융위원장 ""컨틴전시 플랜 필요시 가동 준비""",2018.10.30
452,하강국면 접어든 한국경제…고용·증시·성장 어쩌나 [김현주의 일상 톡톡],2018.10.30
453,미중 무역분쟁 우려 기업 체감경기 1년10개월 만에 최저,2018.10.30
454,"하렉스인포텍, ‘인천 전통시장 전시회’에 제로페이 솔루션 적용",2018.10.30
455,한우를 반값에 파는 한우 데이 품질은?…회원들의 잔치 지적도,2018.10.30
456,이마트 편이성 고려한 친환경 패키지 도입,2018.10.30
457,국내 온라인쇼핑 업체들 한국판 블랙프라이데이 행사 진행,2018.10.30
458,"CJ제일제당, 비비고·고메 브랜드로 냉동면 시장 공략 박차",2018.10.30
459,CJ ENM 오쇼핑부문 홈쇼핑 시장개척단 중소기업 해외수출 첨병 역할,2018.10.30
460,맥도날드 시그니처 버거 1000만개 판매 돌파,2018.10.30
461,2018 소비자와 함께하는 우리 배 소비촉진 캠페인 개최,2018.10.30
462,"[이코노 브리핑] 기아차, 안전성 강화 신형 봉고3 출시 외",2018.10.30
463,"농협, 제2회 동시조합장선거 대비 공명선거자문위원회 출범",2018.10.30
464,연 수출 최단 기간 5000억달러 돌파,2018.10.29
465,"SK건설, 1조2000억대 홍콩 도로 건설 수주",2018.10.29
466,위례·고덕 신혼희망타운… 거주의무 5년· 전매제한 8년,2018.10.29
467,실적쇼크 현대·기아차… 주요 임원 물갈이 인사,2018.10.29
468,中 시장 겨냥… 현대차  ‘수소펀드’ 만든다,2018.10.29
469,“올해 TV 산다면 고려해볼 만”  해외 매체 LG ‘올레드’ 성능 찬사,2018.10.29
470,"中 스마트폰, 가성비 앞세워 한국 잇단 역습",2018.10.29
471,"웅진, 코웨이 매각 6년 만에 다시 사들인다",2018.10.29
472,"KT, 보라카이 곳곳 스마트 인프라 구축",2018.10.29
473,국내 외국인도 지갑 닫았다,2018.10.29
474,커지는 경기 비관론…11월 기업경기실사지수 조사,2018.10.29
475,시중 돈 2금융권·초단기금융상품에 몰려,2018.10.29
476,투매가 투매 불러… 2년 전으로 되돌아간 증시,2018.10.29
477,김현미 “아파트 분양원가 공개 신속히 추진”,2018.10.29
478,새만금에 태양광·풍력발전…원전 4기 용량 달하는 매머드급,2018.10.29
479,"윤석금 웅진 회장 ""코웨이를 중심으로 그룹 역량 집중 할 것""",2018.10.29
480,"탈원전 공방…與 ""세계적 추세""…野 ""1년만에 한전 적자""",2018.10.29
481,"""수출입 재산범죄 수사권 확보해야""… 관세청 혁신TF 최종권고안 발표",2018.10.29
482,"[속보] 이주열 ""금리 한 번 인상이 긴축은 아니다…정상화 과정""",2018.10.29
483,"최종구 ""지역서 받은 예금 지역 기업에 재투자돼야""",2018.10.29
484,"김동연 ""올해 초과세수 20조 이상…국채 발행물량 조정 필요""",2018.10.29
485,"""화폐제조액 10년간 40% 감소…조폐공사 구조조정해야""",2018.10.29
486,"김현미 ""부동산 투기지역 등에 전자계약 의무화 검토""",2018.10.29
487,샤오미의 도발…“왜 아이폰 쓰세요?”,2018.10.29
488,"올해 대졸 실업자, 연평균 50만명 넘길까 우려",2018.10.29
489,크루아상과 커피 즐기며 DIY 슬라임까지… ‘크로크로X슬코’ 서래마을점 오픈,2018.10.29
490,어런이집 직원 월급 원장 맘대로…친인척에 71만원 더 줘,2018.10.29
491,강력범죄에 노출된 도시공원…공원 10곳 중 4곳 CCTV 한 대도 없어,2018.10.29
492,"전국 결식아동 28만명…급식단가 최저 4천원, 최고 6천원 제각각",2018.10.29
493,"라이온코리아, 국립민속박물관 번역 맡는다… “한국 민속 세계에 알릴 것”",2018.10.29
494,"""국토부 산하 공공기관 부채 198조6천억, 하루 이자만 56억""",2018.10.29
495,마사회 정규직 전환자 중 친인척이 98명,2018.10.29
496,결격사유 논란 강정민 원자력안전위원장 사직,2018.10.29
497,"금융위 긴급회의…""자본시장 안정화 자금 5천억원 조성""",2018.10.29
498,"최종구 ""지역서 받은 예금 지역 기업에 재투자돼야""",2018.10.29
499,"""소주=독한술? 맥주=약한술?"" [김현주의 일상 톡톡]",2018.10.29
500,"제주항공, 12월부터 대구~다낭·나트랑 노선 신규 취항",2018.10.29
501,침체 장기화… 조선·해외건설 속탄다,2018.10.28
502,LTV완화 3년새 강남권에 10조 풀렸다,2018.10.28
503,4대은행 2018년들어 이자 수익만 16조7000억,2018.10.28
504,"[이코노 브리핑] 현대캐피탈, 기아 인기 차종 프로모션 외",2018.10.28
505,“11월 7일 우리은행 지주사 전환 처리”,2018.10.28
506,경제지표마다 바닥… 먹구름에 갇힌 한국경제,2018.10.28
507,소상공인 결제수수로 0%대 시대 열리나…제로페이 가맹점 29일부터 모집,2018.10.28
508,올해도 뭇매 맞은 부실한 정부 연구개발사업,2018.10.28
509,"""투기세력 먹잇감 전락한 산업용지…여의도 면적 7분의1""",2018.10.28
510,"그윽한 커피향이 그리워지는 계절, 가을 [이슈탐색]",2018.10.28
511,검은금요일 빛나는막대기…11월엔 무슨 일이? [김현주의 일상 톡톡],2018.10.28
512,28일 태풍 피해 사이판에 국적기 1대 투입…5대 보내려다 축소,2018.10.27
513,830회 로또 1등 9명…당첨금 각 20억6천만원,2018.10.27
514,주식시장에 겨울이 왔다… 두 가지 우려해소 전 반등 어려워,2018.10.27
515,"내일 사이판에 국적기 5대 투입…""한국 승객 인천行""",2018.10.27
516,주가 폭락·유가 상승… 우울했던 한국 경제의 한주,2018.10.27
517,은닉재산 신고로 지난해 세금 88억 추징,2018.10.27
518,"뚜레쥬르 제빵기사 ""직장내 괴롭힘 심각"" vs 사측 ""사실과 달라"" [이슈탐색]",2018.10.27
519,"직원 폭행 논란 교촌치킨 A상무, 폭행죄 처벌 가능할까? [이슈탐색]",2018.10.27
520,올해 자연증가 인구 2만5900명… 전년 대비 절반 이상 감소,2018.10.27
521,유류세 인하 앞둔 휘발유 전국 평균가 1700원 육박,2018.10.27
522,2018년 3분기까지 전국 땅값 3.3% 올라,2018.10.26
523,현대차 이어 기아·쌍용차도 실적 쇼크,2018.10.26
524,"코스피 2000선도 위태… 금융당국 ""건전성 문제없다""",2018.10.26
525,유가 상승·주가 하락에… 경기비관론 우세,2018.10.26
526,"또 프랜차이즈 업계 흔드는 오너 리스크 공포…가맹점주들 ""어떡해""",2018.10.26
527,"몽드드 친환경 물티슈, 쿠팡과 손잡고 로켓배송으로 빠르게 만나볼 수 있어",2018.10.26
528,"아시아공정무역네트워크, NGO 단체 월드쉐어와 공정무역 실천기업 협약 체결",2018.10.26
529,"씨앤컴, 패키지 디자인부터 브랜드 컨설팅까지 원스톱 서비스 제공",2018.10.26
530,"""태풍에도 여행 만류않아""…여행·항공사 안전불감증에 불만폭발",2018.10.26
531,완성차 부진에 부품업계도 직격탄…車산업 혹한기,2018.10.26
532,"증시 전망, ""신흥국 경제위기 우려"" VS ""대규모 재정정책으로 극복""",2018.10.26
533,"""정책 홍보 직접 한다""… 정부부처, 스튜디오까지 설치",2018.10.26
534,"""최저임금 인상, 자동화 쉬운 업종 여성 일자리 줄여""",2018.10.26
535,은행원 절반은 여성인데 女지점장은 10% 미만,2018.10.26
536,"남아도는 쌀, 결국 사료행…3년간 손실 1조8천억",2018.10.26
537,급조한 단기일자리로 고용절벽 넘을 수 있을까? [김현주의 일상 톡톡],2018.10.26
538,"국적사 중국 운항횟수, 사드 제제 이전 90% 회복",2018.10.26
539,프랜차이즈 가맹점주들 목소리 갈수록 커진다,2018.10.26
540,"농협, 2018 우리쌀 가공식품·전통주 한마당 대축제 개최",2018.10.26
541,"한독협회-KF, 대전에서 제17차 한독포럼 개회식 진행",2018.10.26
542,"농협중앙회 조합구조개선부, 수확기 농촌일손돕기 실시",2018.10.26
543,"[이코노 브리핑] 주금공, 5억유로 규모 소셜 본드 발행 외",2018.10.26
544,"[게임&테크] 카카오게임즈, 모바일게임 창세기전: 안타리아의 전쟁 출시",2018.10.26
545,“더 이상 갑질 당할 수 없다” 목소리 커진 가맹점주들,2018.10.25
546,‘혁신도시 2R’ 가동… 2022년까지 4조3000억 투입,2018.10.25
547,"""1인당 GDP 3만달러 돌파…2023년에 4만달러 넘어설 듯""",2018.10.25
548,정부내서 조차 설익은 규제혁신·일자리 대책 비판론,2018.10.25
549,KB금융 누적 순익 2조8000억 ‘최대실적’,2018.10.25
550,손님 줄고 인건비 올라 … 소상공인 ‘빚더미’,2018.10.25
551,"박은정 권익위원장 ""범정부 채용비리 근절단 출범""",2018.10.25
552,美 증시 폭락에 코스피 2060대 추락…셀코리아 우려,2018.10.25
553,투자 부진에… 3분기 성장률 0.6%,2018.10.25
554,어닝쇼크 현대차 3분기 영업익 76% 급감,2018.10.25
555,10년 만에 꺼낸 유류세 인하 카드… 소비자 체감할까,2018.10.25
556,"김동연 ""부동산시장 안정과 상관없이 종부세는 계속 올려야""",2018.10.25
557,"김동연 ""카풀 의지 있어…공유경제가 갈 길이라면""",2018.10.25
558,어린이집 부정수급 100만원 넘으면 명단·내용 공개,2018.10.25
559,중소기업 체감경기 꽁꽁… 활로 찾아 너도나도 해외로,2018.10.25
560,물건 던지고 직원 멱살 잡아도 임원은 재입사하면 끝?,2018.10.25
561,"""손님은 줄고 빚은 늘고""… 소상공인 수익 3년째 제자리걸음",2018.10.25
562,"국감서 롯데건설 갑질 의혹 제기에 김상조 ""다 확인하겠다""",2018.10.25
563,"깐부치킨, 다채로운 사이드 메뉴로 차별화 갖춰",2018.10.25
564,고수익 미끼 70억대 투자금 가로챈 주부 구속,2018.10.25
565,"“1인당 GDP 올해 3만달러 진입, 2023년 4만달러 돌파 전망”",2018.10.25
566,바닥 뚫린 코스피 2% 급락 출발…연저점 또 붕괴,2018.10.25
567,논밭 위 태양광… 부지난 덜고 농가소득 일석이조,2018.10.25
568,"""태양광이 효자… 전기료 걱정없이 온수 써요""",2018.10.25
569,"[핼러윈데이 쌍곡선] ① 들뜬 분위기 이태원…매출 껑충, 장식은 철학",2018.10.25
570,[핼러윈데이 쌍곡선] ② 묻고 따지고 만들기까지…부모는 바쁘다,2018.10.25
571,저성장 깊은 터널 진입한 한국경제…일자리정책 백약이 무효 [김현주의 일상 톡톡],2018.10.25
572,"네파, 119cm 긴 기장으로 기능성과 스타일 업그레이드한 벤치다운 사이폰 출시",2018.10.25
573,비비안 가을·겨울 타이츠 신상품 출시,2018.10.25
574,"광주 아파트 가격, 왜 오르나 했더니",2018.10.25
575,"메르세데스-벤츠 본사, 한국 공급업체 발굴 위해 한국전자산업대전 참가",2018.10.25
576,[이코노 브리핑] ‘KB 자산관리 페어 스타플러스’ 개최 외,2018.10.25
577,"농협중앙회 기획조정본부, 수확기 농촌일손돕기로 구슬땀 흘려",2018.10.25
578,법무부와 농협이 함께하는 「2018년 전국 농촌어린이 합창대회」개최,2018.10.25
579,SK그룹 ‘최종현 학술원’ 이르면 11월 출범,2018.10.25
580,"""가상통화펀드 法위반소지""… 금융당국, 투자주의 당부",2018.10.24
581,“혜택 더 줄기 전에”… 9월 임대사업 등록 3배 껑충,2018.10.24
582,인도 스마트폰 시장 3분기 2위 삼성…1위는 어디?,2018.10.24
583,주거 지원 대상 늘리고 공공임대 보증금 부담 덜어준다,2018.10.24
584,심리적 지지선도 속절없이… 증시 끝 모를 추락,2018.10.24
585,"""부동산신탁사 최대 3곳 추가 인가""",2018.10.24
586,‘삼성반도체 백혈병’ 중재안 발표 10월 말로 연기,2018.10.24
587,억대 소득 올리며 연금까지… 은퇴 공무원 5500명 넘어,2018.10.24
588,"고용·투자 부진에 응급 처방… 野 ""가짜 일자리"" 지적",2018.10.24
589,카풀·원격의료 손도 못 댄 정부,2018.10.24
590,한국GM 노사 갈등 악화일로 예고,2018.10.24
591,답 없는 인구절벽… 출생아 수 33개월째 감소 행진,2018.10.24
592,공공일자리 단기 알바 수준…유류세 인하도 효과 미지수,2018.10.24
593,원할머니보쌈 포장만 할인…제값 다 주고 매장서 먹는 손님은 봉? [이슈탐색],2018.10.24
594,원할머니보쌈 가격할인 행사에 화난 소비자들…왜?,2018.10.24
595,"SKC, 2분기 연속 영업이익 500억 달성",2018.10.24
596,최저임금 탓에 자영업자 감소? 고용원 있는 자영업자는 오히려 증가,2018.10.24
597,"현수막 보고 정신 번쩍…도공, 졸음사고 예방 앞장서",2018.10.24
598,고용한파 맞서 단기 공공일자리 5만9천개 만든다,2018.10.24
599,9월 임대사업자 등록 3배 급증… 혜택 줄기전 막차 탄 듯,2018.10.24
600,"채용 비리 의혹…서울시 ""실체없는 정치공세 유감""",2018.10.24
601,"원할머니보쌈 50% 할인에 활짝 웃는 SK텔레콤…""터졌다 T데이""",2018.10.24
602,지난해 직장내 성범죄 신고건수 1645건…몰카 피해자 급증세,2018.10.24
603,"W재단, 라오스 이재민에 10억원 상당 구호물품 전달",2018.10.24
604,"김동연 만난 공유경제업계, 공무원 복지부동 ""속 터져""",2018.10.24
605,"주택 아닌 곳 거주자 40% ""고시원 살아요""",2018.10.24
606,가을 건조해진 피부를 위한 피부관리 TIP… 헤이네이처 ‘어성초 크림’,2018.10.24
607,퇴직 후 억대 연봉 연금 절반만 받는 공무원 5500명… 기재부 최다,2018.10.24
608,"고공행진 하는 국제 유가에 정부, 11월 6일부터 유류세 15% 6개월간 한시인하",2018.10.24
609,"플라이쿱, 다양한 기법의 컴퓨터 자수 선봬… 자사 쇼핑몰 쿱몰 운영",2018.10.24
610,"한은 성장률 수정 올해 두차례, 지난해 세차례…정확도 높이기? 신뢰도 낮추기?",2018.10.24
611,"김동연 ""6개월간 유류세 15% 인하해 서민 부담 2조원 경감""",2018.10.24
612,"경기벤처기업협회, 경기도 기업 중국진출 지원하는  G-벤처투자포럼 진행",2018.10.24
613,"""샐러드·절단과일 냉장 필수…37℃서 2시간후 대장균 2배""",2018.10.24
614,유류세 11월 6일 내린다…휘발유값 최대 123원 하락,2018.10.24
615,청년인턴 등 단기 공공일자리 5만9천개 만든다,2018.10.24
616,카풀·탄력근로 논의 어정쩡…뜨거운 감자 손 못 댄 정부,2018.10.24
617,기업투자로 일자리 만든다…조기착공 2.3조+αㆍ금융지원 15조,2018.10.24
618,"포스코대우, 3분기 매출 6조 5,318 억원…  영업이익 693억원 달성",2018.10.24
619,국내 대표 소주 참이슬 출시 20년 맞았다,2018.10.24
620,"삼양식품, 불닭떡볶이 신제품 2종 출시",2018.10.24
621,"페르노리카 코리아, 부티크 몰트위스키 아벨라워 국내 정식 출시",2018.10.24
622,"디아지오코리아, 저도주 위스키 연산의 의미와 중요성 알린다",2018.10.24
623,"오뚜기, 오뚜기 쇠고기미역국 라면 출시 40일 만에 500만 판매",2018.10.24
624,롯데쇼핑 창립 39주년 행사…아르헨티나 와인 등 300억 원대 물량 준비,2018.10.24
625,"동원산업, 회무침 3종 (문어, 골뱅이, 참소라) 출시",2018.10.24
626,"오리온, 생감자칩 감자엔 소스닷 돌풍",2018.10.24
627,"대림산업, 1조대 사우디 암모니아 공장 건설 수주",2018.10.24
628,[이코노 브리핑] 삼성생명 새 광고 ‘인생사진관’ 인기,2018.10.24
629,국토부와 대구시2018 도시재생 한마당첫 공동 개최,2018.10.24
630,우체국! 2018년도 한국산업의 고객만족도 20년 연속 1위,2018.10.24
631,"수협,“맛 좋은 제철 국산 고등어 구매하고, 어민도 돕자”",2018.10.24
632,"AI스피커, 차량이동 증가에 제2의 오디오 전성시대",2018.10.24
633,"미국 뉴욕증시도 하락출발, 한국 증시에 영향 미칠까",2018.10.24
634,"""현재 드론은 1세대에 불과 중국 따라잡을 수 있어""",2018.10.23
635,"일회용품 사용 줄이기…삼성, 全계열사로 확대",2018.10.23
636,"“글로벌 전기차 배터리 시장 선점”LG화학, 中 난징 제2공장 착공",2018.10.23
637,카메라 5개 ‘LG V40 씽큐’ 24일 시판,2018.10.23
638,포스코 3분기 영업익 7년 만에 최대,2018.10.23
639,SKT·도이체텔레콤 “5G 기술 협력”,2018.10.23
640,롯데 “향후 5년간 50조원 투자·7만명 채용”,2018.10.23
641,국민연금 “공매도 주식대여 중단”,2018.10.23
642,중금리대출 확대 저신용자들 신용등급 높였다,2018.10.23
643,BMW 52개차종 6만5000대 추가 리콜,2018.10.23
644,트럼프 발언 공포감 확산  코스피 한때 2100선 붕괴,2018.10.23
645,자산 500억 이상 회사 외부감사 의무화,2018.10.23
646,“5G 기술로 드론 활용 극대화… 국가 차원 R&D 추진해야”,2018.10.23
647,“공공기관 채용비리 조사 확대 검토”,2018.10.23
648,위기의 음식점 근로자… 71%가 월급 200만 원 도 못 받는다,2018.10.23
649,"마이샵온샵과 전주대학교의 상생 프로젝트, 공유판매대",2018.10.23
650,"한솔교육, 한글 창의력 뽐내는 2018 한글사랑대회 시상식 개최",2018.10.23
651,해외진출·송금서비스… 사업 다각화 사활건 가상화폐업계,2018.10.23
652,"""토마토도, 달걀도 비싸졌네""…농림수산품 생산자물가 사상 최고",2018.10.23
653,연예인보다 인플루언서·웹 드라마… 대기업 마케팅 바뀐다,2018.10.23
654,매출 또는 자산 500억원 이상 회사는 외부감사 의무 부여,2018.10.23
655,단순노무자 77％·숙박음식점업 근로자 71％ 월급 200만원 미달,2018.10.23
656,"""해외는 난리"" BMW 뉴 X7 스펙 살펴보니…",2018.10.23
657,52만명 사채 7조원 썼다…고금리·불법추심 피해 노출,2018.10.23
658,비리 의심 어린이집 조사에 관할지 공무원은 배제,2018.10.23
659,"김성주 국민연금 이사장 ""국내 주식대여 중단한다""",2018.10.23
660,정유업계 석유제품 수출량 사상 최대…3분기 수출액 전년대비 45.2%↑,2018.10.23
661,"김동연 ""고용승계 발견되면 엄벌…조사 확대 검토""",2018.10.23
662,"""창업·벤처 보증사고 급증…작년 8천400억 육박""",2018.10.23
663,"의료급여 부당청구 기관 처벌기준 세분화…""형평성 개선""",2018.10.23
664,"""국민연금 공매도 주식대여 금지해야""에 국민 76% 찬성",2018.10.23
665,집값 상승으로 서울 주택연금 중도해지 속출,2018.10.23
666,비리 의심 어린이집 조사에 관할지 공무원은 배제,2018.10.23
667,"김동연 ""보호무역 적극 대처…CPTPP 등 대외경제 新원동력 창출""",2018.10.23
668,너도나도 국제도시… 거주 외국인은 고작 1%,2018.10.23
669,BMW 무더기 추가 리콜…문제 EGR 장착 차량 더 있었다,2018.10.23
670,"한국감정평가사협회, 전문직 최초 사회적 기업 설립 추진",2018.10.23
671,[이코노 브리핑] 제주항공 이용객 절반 스마트체크인 외,2018.10.23
672,“차별화해야 산다”… 백화점들 톡톡 튀는 서비스 눈길,2018.10.22
673,"""4차 산업혁명 핵심기술 국제표준 논의""",2018.10.22
674,울산서 수소버스 첫 정규노선 운행,2018.10.22
675,10월 서울 아파트 매매 387건… 9월 11% 수준,2018.10.22
676,"현대차그룹, 로보틱스사업 개척 박차",2018.10.22
677,"“한국 저비용항공, 동북아 시장 성장 견인”",2018.10.22
678,“한국GM 법인 분리… 산은 뒤통수 맞아”,2018.10.22
679,"여 ""朴정부 인하 압력"" 야 ""文정부 인상 압박""…한은 곤혹",2018.10.22
680,DSR 시범적용… 저축은행 대출 받기도 어려워 진다,2018.10.22
681,"하나금융 “육아, 사회전체가 풀어가야 할 과제”",2018.10.22
682,"신한금융, 2030년까지 녹색산업에 20조 투자",2018.10.22
683,정치 권력에 휘둘리는 기준 금리…결정권은 누구 손에,2018.10.22
684,"불법조업·해양쓰레기, 드론으로 잡아낸다",2018.10.22
685,"""실업률 상승, 인구구조 변화 영향 미미…노동수요 감소 탓""",2018.10.22
686,"LG전자, 이번엔 물걸레 청소기 시장 진출",2018.10.22
687,파업 모면한 한국GM 사태…법인 분리까지 진통은 계속될 듯,2018.10.22
688,"박선숙 ""청와대·부처 홈페이지 표준보안조치 안 해""",2018.10.22
689,"정부, 중앙·지방공공기관 친인척 특혜채용 전수조사 검토",2018.10.22
690,겟잇뷰티 신상임당 소개된 광채 뷰티크림 화제,2018.10.22
691,"""산업은행 유리천장 두꺼워…고위직 102명중 여성 0명""",2018.10.22
692,"넥스디, 차별화된 디지털마케팅 대행 서비스 제로솔루션으로 주목",2018.10.22
693,"헌혈기념품 구입비 6년간 690억원…헌혈 의미 퇴색""",2018.10.22
694,성장률 전망 잘 맞히는 한은…올해에도 적중할까,2018.10.22
695,"""공인중개사의 인위적 시세 조작 처벌"" 법 발의",2018.10.22
696,"한은 ""기준금리 1%p 오르면 성장률 0.2%p 하락""",2018.10.22
697,"박영선 ""안종범수첩 적힌 후 한은 금리인하…前 정부 압박 의혹""",2018.10.22
698,10월 1∼20일 수출액 26％↑…조업일수 증가 영향,2018.10.22
699,"삼성출판사, 영어 프로그램 ‘핑크퐁 킨더스쿨’ 출시",2018.10.22
700,김해 원룸 화재로 들여다본 원룸 도시형생활주택의 실태…스프링클러만 있었어도 [이슈탐색],2018.10.22
701,수도권 비규제지역 아파트 분양 서두르는 이유는,2018.10.22
702,[이코노 브리핑] LGU+ 참쉬운 가족결합 요금제 출시 외,2018.10.22
703,‘더CJ컵’ 세계 10억 가구에 CJ 브랜드 알렸다,2018.10.22
704,“동작 인식 과정 단순화시켜 … 활용범위 다양”,2018.10.21
705,“국민 부담 준조세 세금의 42% 달해”,2018.10.21
706,도소매·숙박음식업 취업자 11만명 감소,2018.10.21
707,“부동산 펀드·신탁 리스크 관리 필요”,2018.10.21
708,가계대출 총량제·DSR·금리 상승… 저무는 빚테크시대,2018.10.21
709,R&D 성과 지원 사업체 48% 매출 ‘0’,2018.10.21
710,"육군, 미래 전장의 판도 바꿀 드론봇",2018.10.21
711,꽃 배달·편대비행 ‘드론쇼’… 무한한 가능성을 체험하다,2018.10.21
712,‘4차산업의 총아’ 드론… 미래의 길 제시하다,2018.10.21
713,"드론 첫 조립한 8세 소년 ""구름까지 날려볼 거예요""",2018.10.21
714,아빠들 의기투합해 만든 ‘팀스펙터’평균나이 13세 ‘신동’ 4명이 일냈다,2018.10.21
715,드론 10대 동시 날아올라 굉음 질주… 관중석 탄성 연발,2018.10.21
716,올림픽 체조경기장 2배… 2만5000명 수용,2018.10.21
717,일자리정책 비효율 겨눈 경제부처 국감자료 눈길,2018.10.21
718,"한류의 기원, 서태지와 아이들부터 BTS까지",2018.10.21
719,"""중소기업 기술혁신 위한 기술보증기금 신규보증 해마다 감소""",2018.10.21
720,"국립중앙의료원, ""영업사원이 수술 참여"" 증언에 수사 의뢰",2018.10.21
721,트렁크서 차박하며 힐링하는 현대인들 [김현주의 일상 톡톡],2018.10.21
722,829회 로또복권 1등 당첨번호 4 5 31 35 43 45…8명에게 24억4465만원씩,2018.10.20
723,명승부 펼쳐진 제1회 피스컵 드론축구 대회,2018.10.20
724,자석으로 낚는 드론 낚시…내가 드론 강태공이다,2018.10.20
725,육군 드론봇농업용 드론…다양한 드론들 선보여,2018.10.20
726,첨단 드론 기술이 한 자리에… 드론엑스포 개막,2018.10.20
727,"‘블레인드엔소울 레볼루션’ 돌풍, 신규 서버 긴급 증설",2018.10.20
728,"한국GM 노조 ""법인분리 주총 원천무효""…총력대응 예고",2018.10.20
729,빚 안갚고 해외이민 갈수록 ‘눈덩이’… 50·60대 가장 많아,2018.10.20
730,"주식회사 세컨드찬스, 긱스타 게이밍 헤드셋  GEEKSTAR GH60 출시",2018.10.20
731,기능성·디자인 잡은 예다지 기능성 도어 주목,2018.10.20
732,승객 편익 vs 택시업계 수익…정부 중재 과연 먹힐까? [김현주의 일상 톡톡],2018.10.20
733,한국콘텐츠진흥원-한국관광공사 신한류 확산 위한 MOU 체결,2018.10.20
734,[포토] 우체국 통해 손쉽게 크라우드펀딩에 참여하세요,2018.10.20
735,"농협축산경제, 웃어步笑(보소) 힐링캠프 개최",2018.10.20
736,"농협중앙회 홍보실, 농촌일손돕기 구슬땀 흘려",2018.10.20
737,“아시아·태평양 항공업계 거물들이 한자리에”,2018.10.20
738,한국GM R&D 법인 분리 강행… 勞使 대립,2018.10.19
739,"KCC, 홍일화 작가와 아트 콜라보레이션 사회공헌활동 펼쳐",2018.10.19
740,中 성장률 9년 만에 최저…한국에 다가온 먹구름,2018.10.19
741,극심한 실업난… 고졸들은 더 춥다,2018.10.19
742,"김동연 ""가상화폐공개 지금은 금지돼 있지만…저는 전향적""",2018.10.19
743,택시 반발에 숨죽인 카카오…운전자 앱 10만다운 돌파,2018.10.19
744,"""출산이요…? 나처럼 될까 못 낳겠습니다만""",2018.10.19
745,"김동연 ""중장기 과제 위해 증세 공론화·합의과정 필요""",2018.10.19
746,문케어 비용 30조6천억? 35조1천억?…복지위 공방,2018.10.19
747,삼성바이오로직스 증선위 심의… 제재수위 조만간 결론,2018.10.19
748,신생아 난청 선별 검사 건강 보험 적용 확대,2018.10.19
749,고졸자에게 더 혹독한 고용 한파… 9월 실업자 급증,2018.10.19
750,"김동연 ""종부세 점진적으로 올라간다…부동산 불안정 신속 조치""",2018.10.19
751,"김동연 ""금융소득 종합과세 대상 확대해야…시기는 협의""",2018.10.19
752,줄어드는 서울 아파트값 상승폭…마이너스로 전환 되나,2018.10.19
753,"김태흠 ""마사회, 무기계약직 전환으로 실적 부풀려""",2018.10.19
754,"수철이네 왕새우 튀김, 한양대 학생 위한 할인 이벤트 실시",2018.10.19
755,안 찾아간 경마 당첨금 391억…마사회 주머니로,2018.10.19
756,빚 안 갚고 이민 간 사람 2천345명…미회수액 4천217억원,2018.10.19
757,AI 속도내는 삼성전자…7번째 연구거점 신설,2018.10.19
758,목표 벗어난 규제…국내 유통산업 침체 불렀다,2018.10.19
759,현대엔지니어링 투루크 플랜트 준공,2018.10.19
760,"테팔, 7년 연속 결식아동들의 건강한 성장을 지원합니다",2018.10.19
761,"수도권대기환경청-현대차, 환경 체험 프로그램 한마당",2018.10.19
762,"[이코노 브리핑] 농협銀, 최우수고객과 농촌일손돕기 외",2018.10.19
763,"‘액분’ 네이버 52주 신저가, 시총 10위권 밖으로 밀려",2018.10.19
764,고부가가치 ‘단결정 금속포일’ 저비용 제조 성공,2018.10.19
765,[제 1회 세계미래포럼]“데이터 활용·정보 보호 균형 있게 추진”,2018.10.18
766,‘달걀 속 살충제 즉시 확인’ 센서 나왔다,2018.10.18
767,“스펙은 그만… 당신 능력을 직접 보여주세요”,2018.10.18
768,커지는 스마트폰… ‘폴더블 시대’ 눈앞,2018.10.18
769,"美, 韓·中 등 6개국 ‘환율 관찰대상국’ 유지",2018.10.18
770,"쪼그라드는 투자, 늘지않는 일자리… 경제 앞날 캄캄",2018.10.18
771,"신용보증기금, 국내 유턴기업 보증지원 ‘0’",2018.10.18
772,가계대출 원리금이 연소득 70% 넘으면 ‘위험대출’,2018.10.18
773,“‘캄테크’로 금융의 디지털 혁신 이뤄질 것”,2018.10.18
774,"“투명성 확보한 블록체인, 무역금융서 유용”",2018.10.18
775,“핀테크로 여는 놀라운 ‘금융 세상’… 1만m 중 100m 왔을 뿐”,2018.10.18
776,“금융은 데이터 분석 전쟁터… 디지털 인프라 구축 필수”,2018.10.18
777,“기존 IT 틀 넘어선 SW 활용 근본 변화 필요”,2018.10.18
778,“AI·빅데이터·블록체인… 한국 금융에 기회”,2018.10.18
779,"한미 재계회의 ""한국산 자동차·자동차 부품 무역확장법 232조 적용 배제""",2018.10.18
780,청정 제주 천연 암반수로 빚었다던 한라산 소주…지하수 수질 검사 부적합 판정,2018.10.18
781,"""한국 중소기업 노동생산성… 대기업의 3분의 1""",2018.10.18
782,"교육기업 바다나무, 메이저리그 포스트시즌 맞아 온라인 광고 진행",2018.10.18
783,"한은 경제전망 어두워져…성장률 2.7%, 취업자수 증가 9만명(종합)",2018.10.18
784,"단기 공공일자리 공방…""통계용"" vs ""경력에 도움""",2018.10.18
785,"부산국제영화제, 철저한 감염관리로 안전하게 성료해 눈길",2018.10.18
786,"""아동학대·보조금 부정수급 어린이집도 우수등급""",2018.10.18
787,울산 범죄자 중 27% 술 마시고 범행…전국 비율보다 높아,2018.10.18
788,"주택산업연구원 ""전국 47개 지역 중 서울 등 13곳 공급부족""",2018.10.18
789,"한은, 기준금리 연 1.50%로 동결…경제성장률 6년 만에 최저인 2.7%로 전망",2018.10.18
790,"라디언스 ‘라디샤인’, 건강한 침실·침구 관리법 소개",2018.10.18
791,"3가지맛 디디치킨, 오뚜기 컵피자 증정행사 실시",2018.10.18
792,"한은, 올해 성장률 전망 2.9%→2.7%로 낮춰",2018.10.18
793,"기재부 ""일자리·소득분배에 집중…유류세 인하 검토""",2018.10.18
794,서울 평당 1억 아파트는 헛소문 가능성,2018.10.18
795,"""자격정지 보육교직원, 2년 지나면 어린이집 복귀""",2018.10.18
796,"""출근길 서울 택시 정상운행…경기·인천은 40∼50% 멈춰서""",2018.10.18
797,공공기관 보수체계 호봉제→직무급제 개편방안 연말 발표,2018.10.18
798,"정부, 외평기금 외화대출 종료…""기금 취지에 안 맞아""",2018.10.18
799,카카오 카풀 반대…광주·전남 택시 운행중단 없어,2018.10.18
800,대규모 복합단지  별내역 파라곤 스퀘어 19일 분양 돌입,2018.10.18
801,‘사물인터넷(IoT)’ 기술 생활전반으로 확대,2018.10.18
802,"롯데주류, 롯데백화점과 공동으로 창립 39주년 기념 와인 출시",2018.10.18
803,"롯데푸드, 베트남 유아식 판매업체 TVV사와 분유 판매 계약",2018.10.18
804,"롯데면세점, 본점에 중소·중견 뷰티 브랜드 매장 스타에비뉴 코너 오픈",2018.10.18
805,올해 빼빼로데이는 카카오프렌즈가 함께 한다,2018.10.18
806,"농협, 농업인 복지향상을 위해 제주로 ‘농업인행복버스’달려가",2018.10.18
807,"도공, 미화 3억불 글로벌 채권 성공적인 발행",2018.10.18
808,"강서농협, 서울 관내 농협 최초로 로컬푸드 직매장 개장",2018.10.18
809,[이코노 브리핑] LG ‘시그니처 키친…’ 美 올해의 가전에 외,2018.10.18
810,“우리집 공시가격 문제 있소” 이의신청 급증,2018.10.17
811,"롯데, 스타트업 지원 프로 ‘엘캠프 데모데이’",2018.10.17
812,"SKT, AI 오픈플랫폼 ‘누구 디벨로퍼스’ 공개",2018.10.17
813,"“신성장 동력 확보”… 삼성, 망 분석 기업 ‘지랩스’ 인수",2018.10.17
814,삼성 “5년간 스타트업 과제 500개 발굴”,2018.10.17
815,"우리은행·코스포, ‘스타트업 생태계 발전’ 지원 협약",2018.10.17
816,동산담보대출 4년6개월만에 증가,2018.10.17
817,투자 안하는 기업… 곳간에 쌓아놓은 돈 594조원,2018.10.17
818,코스피 폭락에 ELW 풋 ‘대박’…10월들어 최고 2100% 까지,2018.10.17
819,출생 1년도 안된 아기 계좌에 13억,2018.10.17
820,“금융기관 내부통제 최종책임은 이사회에”,2018.10.17
821,"‘우간다 수준’ 조롱받던 한국 금융, 오명 벗었다",2018.10.17
822,한국 국가경쟁력 올랐지만…노동·생산 부문은 후진국,2018.10.17
823,국민 46% “은퇴 이후 경제적 준비 못해”,2018.10.17
824,미래핵심 원천기술 들고 돌아온 실리콘밸리 발명왕,2018.10.17
825,"“4차산업 특허기술, 고국에 무상 제공”",2018.10.17
826,불안한 산후조리원…지난해 감염 피해자 491명 발생,2018.10.17
827,"국토부 ""GTX-A노선, 연내 착공 위해 노력""",2018.10.17
828,비리 의심 어린이집 2천곳 연내 점검…전수조사도 착수,2018.10.17
829,공유경제 바람 타고 등장한 카풀…택시업계 반발에 난감,2018.10.17
830,"원안위 ""라돈 논란 생리대 조사중…내주 결과 발표""",2018.10.17
831,월소득 1천만원 이상 직장인 2014년 6만명→2018년 34만명,2018.10.17
832,"한국인 행복지수 평균 6.3점…30대가 최고, 60세이상 최저",2018.10.17
833,안전운전 필수품으로 자리잡은 현대폰터스 HUD(헤드업디스플레이) H1000,2018.10.17
834,"마미스케어, 여성 전용 ‘쁘띠비 나이트 에센스’ 출시",2018.10.17
835,"HDC현대산업개발, 회사채 1300억원 발행",2018.10.17
836,"유튜브 접속 불가…""장애 확인 중""",2018.10.17
837,라면·우동 한 끼만 먹어도 나트륨 1일 기준치 80% 섭취,2018.10.17
838,"""공시가격 조정해 주세요""…이의신청 작년 3배 가까이 증가",2018.10.17
839,"""도시계획상 미집행 시설, 여의도공원 면적의 265배""",2018.10.17
840,"한국 경쟁력 140개국 중 15위로 2계단↑…""ICT·거시경제 1위""",2018.10.17
841,올해 농심 중국법인 매출 최대치 기록 전망,2018.10.17
842,[연중기획-창의·혁신 현장을 가다] 현장 근로자와 한 공간서 ‘협업’… 미세접촉 감지 안전성 ‘업’,2018.10.17
843,[연중기획-창의·혁신 현장을 가다] 4차 산업혁명 발맞춰 ‘디지털 혁신’ 박차,2018.10.17
844,[이코노 브리핑] 저축은행 비대면채널 서비스 확대 外,2018.10.17
845,"[동영상] 스타벅스 ""1회용 컵 전용수거함 설치 시범사업""",2018.10.17
846,"농협중앙회, 개발도상국 금융협동조합 역량강화 글로벌 연수 실시",2018.10.17
847,"Sh수협보험, TM센터 설립…비대면 채널 강화 본격화",2018.10.17
848,날개 단 수입 석탄가격… 화력발전 어쩌나,2018.10.16
849,“상속세율 너무 높다” 목소리 높인 경총,2018.10.16
850,남양유업도 우유제품 값 인상,2018.10.16
851,ICT대기업엔 인터넷은행 소유 허용,2018.10.16
852,변동형 주택담보대출 금리 또 올라,2018.10.16
853,주52시간 근무제… 2040직장인 자기계발 지출 늘렸다,2018.10.16
854,‘똘똘한 한채’ 2년 이상 거주해야 특별공제,2018.10.16
855,최종구 “DSR규제 은행권별 차등 적용”,2018.10.16
856,"“길목마다 나타난 규제허들, 스타트업 성장 방해” [4차 산업혁명과 금융의 디지털 혁신]",2018.10.16
857,편리성·접근성 강점… 밀레니얼 세대 사로잡은 ‘간편금융’[4차 산업혁명과 금융의 디지털 혁신],2018.10.16
858,"이순우 저축은행중앙회장 ""위급할 때 손 내밀어 재기 돕는 든든한 서민 금융기관 돼야""",2018.10.16
859,“전력감축 안한 기업도 기본정산금 준 한전… 4913억 낭비”,2018.10.16
860,국민연금 주식운용실장 첫 외부 공모,2018.10.16
861,"정상화 반년 만에 또 갈등…한국GM, 뒤숭숭한 16주년",2018.10.16
862,"현장 중심 지원 서민금융진흥원, 전문가 간담회 개최",2018.10.16
863,"""가업 승계시 상속세 부담, 한국이 세계 최고""",2018.10.16
864,"최악의 고용률, ‘고용 크레디트’로 개선 가능할까",2018.10.16
865,한국GM 노조원 78.2% 쟁의행위 찬성…노사갈등 파업가나,2018.10.16
866,"정관장 천녹,프로골퍼 김태훈 선수 참가한 고객 초청 프로암 대회 성료",2018.10.16
867,이자도 못 내는 한계 중소기업 7년새 33% 급증,2018.10.16
868,"혼자 살면 좋기만 하다?…""식사·청소는 힘들어""",2018.10.16
869,"""신재생에너지, 기술투자·생태계 조성으로 선순환 시스템 구축해야”",2018.10.16
870,"""빌 게이츠와 40년 애증, 비운의 2인자 지다""…MS 공동창업 폴 앨런 사망",2018.10.16
871,"서울소프트, 버스·화물차 최적화된 ‘DVR 연동 AVM 시스템’ 출시",2018.10.16
872,무역분쟁에 발목 잡힌 中 자동차 시장…반전 가능할까,2018.10.16
873,"한전 사장 ""산업용 경부하 요금 왜곡 고쳐야…정부에 건의""",2018.10.16
874,"""해외항공사, 출발 3개월전 항공권에도 최대 20% 취소수수료""",2018.10.16
875,똘똘한 한 채 2년 이상 거주해야 양도세 장기보유특별공제,2018.10.16
876,"심재철 ""기재부, 재정정보원 사무실에 상주…명백한 경영간섭""",2018.10.16
877,"""9·13 후폭풍""…가을분양 연기 여파로 분양경기 전망치 급락",2018.10.16
878,개인방송 별풍선·팝콘 하루 구매한도 100만원,2018.10.16
879,"""석탄값도 고공행진""…화력발전 석탄 연료비 단가 사상최고",2018.10.16
880,추석효과 고용률 소폭 개선…일자리 구조적 문제는 여전 [김현주의 일상 톡톡],2018.10.16
881,롯데관광개발 주주청약 만으로 2158억원 유상증자 완료,2018.10.16
882,18일 점심 덕수궁 방문하면 이건산업 클래식 콘서트 무료,2018.10.16
883,[이코노 브리핑] ‘공인회계사 외부감사 행동강령’ 제정 외,2018.10.16
884,여전히 견고한 대기업 유리천장,2018.10.15
885,다주택자 톱 10 총 3700채 보유,2018.10.15
886,“건설 수주 지원”… 김현미 중동행,2018.10.15
887,文대통령 佛서 수소차 탔지만… 국내선 ‘저속 주행’,2018.10.15
888,올해 ‘비조치의견서’ 발급 7건…몸사리는 금감원,2018.10.15
889,맞벌이 월 소득 765만원…외벌이 가구는 529만원,2018.10.15
890,국감 질책·개혁 실망… “조직이 한심” 자조 [경제 톡톡],2018.10.15
891,과잉 대출·생산성 낮은 가계·부동산…부정적 영향 우려,2018.10.15
892,美 환율보고서·금리 향방… 세계 금융계 ‘촉각’,2018.10.15
893,"“민간·공공 데이터 결합, 효과적 정책 수립에 유용”",2018.10.15
894,투자 자문서 GDP 전망까지… 원하는 정보 ‘맞춤형 서비스’,2018.10.15
895,"""한국 스타트업, 기술 스타트업 허브 도약중인 유럽 주목해야""",2018.10.15
896,"지자체 공무원들, 드론 ‘열공’ 중",2018.10.15
897,안전하고 빠르다…반나절 걸리는 농약 살포 10분이면 끝,2018.10.15
898,"외국인 채권투자 올해 첫 팔자…일각 ""자금 유출 신호탄""",2018.10.15
899,"로투스 비스코프, 패키지 업그레이드… 고객 이목 사로잡아",2018.10.15
900,외국인 채권투자 팔자 전환… 올해 첫 감소,2018.10.15
901,일부은행에 주택대출 옐로카드…농협 등 억제조치 돌입,2018.10.15
902,"간부 잇따라 업무서 배제한 김상조에 야당 ""직권남용""",2018.10.15
903,"니트로소프트, 정품 소프트웨어 프로모션 실시",2018.10.15
904,웰빙 트렌드에 건강식 인기… 샐러드 전문점 샐러디(Salady) 주목,2018.10.15
905,"""굿 안 하면 가족 죽는다"" 굿값 7억원 챙긴 40대 구속",2018.10.15
906,"젬LED, 온라인쇼핑몰 OPEN 기념 고객감사 할인 진행",2018.10.15
907,"안전성 논란 여파…생리대 생산 감소, 면생리대는 3배 급증",2018.10.15
908,의료 소외지의 희망 ‘메디컬 드론’ 시동,2018.10.15
909,불길 잡고 실종자 수색…재난현장 골든타임 잡는다,2018.10.15
910,"유통 규제로 롯데, 신세계백화점 미일중 유통기업보다 경쟁력 크게 뒤져",2018.10.15
911,"㈜두산, 지게차 토털 물류 서비스센터 오픈…다운스트림 사업 본격화",2018.10.15
912,"[마이머니 단신] 메리츠화재, 국내 첫 장기 펫보험 출시 외",2018.10.15
913,"[기고] 암보험 가입, 유의할 점은?",2018.10.15
914,"[이코노 브리핑] 우리은행, 지진피해 印尼에 구호성금 外",2018.10.15
915,페이스북 개인정보 유출 한국인 계정 3만4891개,2018.10.14
916,“청소년들 창의력 ‘씨앗’ 키워 사회공헌하죠”,2018.10.14
917,비가맹점에 신제품 안 준 ‘골프존’ 고발,2018.10.14
918,"스마트폰 사용자 40%, 100만원대 제품 구매",2018.10.14
919,‘부동산 단타족’ 차익 5년간 26조 넘어,2018.10.14
920,“北고속도 건설 일자리 130만개 창출”,2018.10.14
921,모바일·인터넷 통해서도 대출금리 인하 요구 가능,2018.10.14
922,"국토부, 아파트 부정당첨 257건 계약취소",2018.10.14
923,"기준금리 ""인상"" vs ""동결""…한국은행 선택은?",2018.10.14
924,4분기 제조업 체감경기 더 나빠졌다,2018.10.14
925,최악 위기 치닫는 고용… 이번엔 제대로 된 대책 나올까,2018.10.14
926,유가 급등에 물가도 들썩… 서민들 어쩌나,2018.10.14
927,"정동영, 분양원가공개법 철회안 제출",2018.10.14
928,"""유류세 10％ 인하 검토""…서민 부담 줄이기 나선 정부",2018.10.14
929,3분기 실업난 여전…4분기 개선? 글쎄,2018.10.14
930,차량화재 사망자 수 3년새 47% 증가…사고 건수는 감소세,2018.10.14
931,"고급 보양 재료 전복 ""아, 옛날이여~""",2018.10.14
932,"한전, 전기료 대신 받은 주식 휴짓조각…116억 손실",2018.10.14
933,북한 고속도로 건설 시 일자리 130만개 창출 가능,2018.10.14
934,828회 나눔로또 1등 당첨번호는 4·7·13·29·31·39…13명에 14억5518만원씩,2018.10.14
935,"김동연, 신평사에 ""韓경제 긍정적 측면 등급에 반영해달라""",2018.10.14
936,"1000~2000원 배달료 부과, 어떻게 생각하십니까?",2018.10.14
937,가까스로 면한 ‘마이너스 고용’…1주택자 청약 제동에 ‘술렁’,2018.10.13
938,늘어나는 ‘금수저’ 집주인들…미성년자 증여재산도 6000억원 돌파,2018.10.13
939,중소기업 정책자금은 ‘눈먼 돈’…브로커도 여전히 기승,2018.10.13
940,"삼성 퀵드라이브 세탁기, 런던서 이색 마케팅",2018.10.13
941,"[포토] 한독, 경도인지장애 어르신 초청 인간문화재 지킴이 참여 마당 진행",2018.10.13
942,"농협, 수확철을 맞아 일손돕기에 팔 걷어부쳐",2018.10.13
943,국민을 위한 물 관리와 사회적 가치 실현을 위한 전문가 세미나 열려,2018.10.13
944,"[포토] 한우자조금, 홍콩 현지 ‘한우 모바일 팝업 스토어’ 운영",2018.10.13
945,"일감 없는 30·40대, 시작도 힘든 20대…고용철벽 여전",2018.10.12
946,월평균 매출 1년 새 4.1% 뚝…벼랑 끝 영세자영업자,2018.10.12
947,미국 증시 이틀째 급락 …아시아 증시는 반등,2018.10.12
948,취업자 수 4만5000명 증가…실업자 9개월째 100만명대,2018.10.12
949,"고용지표 반등에 당청 ""우려보단 개선"" 야 ""반짝 일자리 증가""",2018.10.12
950,“반려동물 등록에 필요한 식별ID 손쉽게 구한다”… 동물 귀 정맥 스캔 기술 선봬,2018.10.12
951,"65세 이상 고령운전자, 20년 뒤에는 1300만에 육박",2018.10.12
952,"""편의점 4개사, 올해 8개월간 폐업점포 1천900개""",2018.10.12
953,"물반고기반·옥션, 500만원 낚시예약상품권 100원딜 진행",2018.10.12
954,"""시중은행, 혁신기업 대출 꺼려"" VS 은행, ""고객에게 리스크 전가하기 어려워""",2018.10.12
955,"국내 주식시장 오전 반등 시도, “기술적 반등에 그칠것, 당분간 조정 불가피”",2018.10.12
956,"중소기업 고사시키는 어음결제…""현금결제 보다 3.3배나 길어져""",2018.10.12
957,정부마저 경기회복세 판단 철회…30대까지 고용률 하락 반전,2018.10.12
958,"환경과 건강을 생각하는 에덴바이오벽지 ""이젠 벽지도 노(No) 플라스틱""",2018.10.12
959,"""영세 자영업자, 1년새 매출 4% 줄었다""",2018.10.12
960,"고양저유소 화재 송유관공사 ""안전관리 자문기구 구성 착수""",2018.10.12
961,금감원 직원 평균보수 1억 육박…임원은 2억2천만원 넘어,2018.10.12
962,"신용현 의원 ""라돈침대 원료 국내에 4.5t 남아…대책 필요""",2018.10.12
963,9월 취업자 4만5천명↑…실업자 9개월 연속 100만명 넘어,2018.10.12
964,9월 취업자 4만5천명↑ 마이너스 모면…실업자 102만명,2018.10.12
965,"[이코노 브리핑] KB금융, 지진피해 印尼에 구호성금 외",2018.10.12
966,"AI, 뱅커·펀드매니저 대체할까? [4차 산업혁명과 금융의 디지털 혁신]",2018.10.11
967,"금융당국, AI서비스 규제·시장 감시 고민 [4차 산업혁명과 금융의 디지털 혁신]",2018.10.11
968,"""R&D 규제는 걷어내고, 안전 규제 더 강화해야""  [드론, 희망찬 미래로 날다]",2018.10.11
969,빠르고 정확하게 고화질로… 드론에 빠진 이통사 ‘하늘 위 경쟁’,2018.10.11
970,“벤처기업 차등의결권 도입 검토”,2018.10.11
971,추첨제 주택 75% 이상 무주택자 공급,2018.10.11
972,한국에서 태어난 아이 미래생산성 ‘세계 2위’,2018.10.11
973,北석탄 반입 의심 2개업체 추가 조사,2018.10.11
974,산업부 국감 ‘탈원전 정책’ 공방,2018.10.11
975,농촌에 필요한 건 기부 아닌 투자,2018.10.11
976,"검은 목요일 금융시장 공포…""더 큰 문제는 내년""",2018.10.11
977,7년 만에 최대 낙폭…미국발 쇼크에 무너진 한국 증시,2018.10.11
978,"하이리빙, 환절기 예민해진 피부 위한 EWG 그린 등급 성분 함유 더마 TC 크림 출시",2018.10.11
979,"""금리 뛰는데 가계빚 1천500조""…여야, 국감서 한목소리 우려",2018.10.11
980,P2P금융업체 연체율 5%대로…시장규모 2조7천억원 육박,2018.10.11
981,9월 은행 주택담보대출 3조6천억↑…집단대출 늘며 증가폭 커져,2018.10.11
982,"""정부 부처 엇박자로 초대형 IB 외환업무 못하게 돼""(종합)",2018.10.11
983,"메트로시티, ‘헥터 카스트로’ 컬래버레이션 라인 공식 출시",2018.10.11
984,"클라우드 전자계약 솔루션 이싸인온, GMV 2018서 호평",2018.10.11
985,"관세청 ""北석탄 반입 의심 추가 2건 조사…관련 서류 확보""",2018.10.11
986,"""10년간 송유관 기름 도난 연평균 15건 적발""",2018.10.11
987,"카페베네, 9개월 만에 회생절차 종결…법원 ""안정적 매출 예상""",2018.10.11
988,"관세청 ""한진家 해외카드 내역 관련 밀수혐의 조사중""",2018.10.11
989,"하츠, 환절기 환경성질환 예방하는 실내 공기질 관리법 소개",2018.10.11
990,女 가사노동 가치 연 1077만원…남편 가사분담률 OECD 최하위 [김현주의 일상 톡톡],2018.10.11
991,개구리 연골세포서 관절염치료 유전자 찾았다,2018.10.11
992,"[이코노 브리핑] 삼성카드, 홍보영상 속 탁상시계 판매",2018.10.11
993,지주사 체제 전환 속도내는 롯데,2018.10.10
994,글로벌 ICT기업 조세회피 의혹… 정부 합동조사 벌인다,2018.10.10
995,자율주행 AI 고속 진화… 무단횡단까지 척척 예측,2018.10.10
996,규제에도… 10대 재벌 내부거래 더 늘었다,2018.10.10
997,반도체 중심 수출 양호한 증가세… 투자 감소·고용부진 내수는 정체,2018.10.10
998,"중소벤처기업 개발 서비스사업, 금감원·신용정보원 ‘베끼기’ 논란",2018.10.10
999,블록체인은 진화 중… 기술개발 경쟁 불꽃,2018.10.10
1000,"""빠르고 쉽고 간편""…블록체인 금융혁신 어디까지?",2018.10.10
1001,인간의 손길 닿지 못하는 곳까지 영역 확장,2018.10.10
1002,절대강자 없는 사업용 드론… 규제 풀어 ‘퍼스트 무버’ 노린다,2018.10.10
1003,"최저임금·금리 인상 이중고…""자영업자 리스크 대비해야""",2018.10.10
1004,"기술력, 세계 5위권 진입 ‘속도’ 2026년 4조 규모 시장 키운다",2018.10.10
1005,"에이비퍼니쳐, 셀프 인테리어족 사로잡는 북유럽 식탁 세트 선보여",2018.10.10
1006,"시크릿다이렉트코리아, 2018 하반기 컨벤션 개최… 신제품 30여 종 공개",2018.10.10
1007,"행동과학 결합한 자율주행 AI, 무단횡단을 예측하다",2018.10.10
1008,국립국어원 ‘2018 배움이음터’ 성료 두 달째… 감사인사 릴레이,2018.10.10
1009,"이개호 ""붉은불개미 차단 위해 공산품까지 검역확대 노력""",2018.10.10
1010,"원앤드원쇼핑, 유아동 전문 브랜드 런칭 후 인기몰이 눈길",2018.10.10
1011,"여성 속옷도 편안하게, 브라렛&노와이어 브라 인기",2018.10.10
1012,미·중 무역전쟁에 등 터진 자동차 업계,2018.10.10
1013,"중소기업계 ""주휴수당 폐지 추진""",2018.10.10
1014,"글로벌 시대, 해외 대상 광고 및 홍보 중요해",2018.10.10
1015,밝은 날도 후드 없이 선명하게… 티브이로직 F-7H 출시,2018.10.10
1016,"김상조 ""과장급 이상 간부 다면평가…직원 장기휴가제""",2018.10.10
1017,"국세청 ""부동산탈세 정보수집 확대…고액학원 조사 강화""",2018.10.10
1018,"전체 산란계 농장 중 40%, 피프로닐에 오염",2018.10.10
1019,강남 3구 체납액 3조2천억원…서울 전체의 40% 차지,2018.10.10
1020,"네이버 창업주 이해진, 사상 첫 대통령 해외순방 동행· 文 대통령과 유럽行",2018.10.10
1021,10명 중 4명 가계부채 보유…1인당 8천만원 대출,2018.10.10
1022,"""길거리 음주 규제? 과도한 음주문화 자체를 바꿔야"" [김현주의 일상 톡톡]",2018.10.10
1023,"[이코노 브리핑] 국민은행, 해외ETF 투자상품 내놔",2018.10.10
1024,中企 기술 혁신 이끌 ‘新 성과공유제’… 대기업 설득이 관건,2018.10.09
1025,中·동남아 이어 日시장 노크… 글로벌 ‘여가 플랫폼’ 박차,2018.10.09
1026,야쿠르트 카트는 미세먼지 알림이,2018.10.09
1027,규제 무풍 전세대출 2년 새 두배로,2018.10.09
1028,"‘고용쇼크’ 뜨거운 감자… 野, 송곳 추궁 벼른다",2018.10.09
1029,[단독] 석유공사 정부 배당금 ‘쥐꼬리’,2018.10.09
1030,국토부 산하단체 안마시술소서 회의?,2018.10.09
1031,규제에 발목 잡혀 아마존 우버 꿈도 못 꾸는 한국,2018.10.09
1032,"김동연 ""일자리 창출, 틀에 얽매이지 않고 지원""",2018.10.09
1033,"IMF ""韓, 올 3% 성장 어렵다""… 2.8% 전망",2018.10.09
1034,만 0세에도 배당소득 올린 금수저들…태어나자마자 상속·증여,2018.10.09
1035,본감사의 20배 육박… 재감사 비용 부르는 게 값?,2018.10.09
1036,"차은우, BMS의 스트릿 패션 브랜드 첫 런칭 뮤즈",2018.10.09
1037,이마트 부산에 어린이 체험형 도서관 이마트 키즈 라이브러리 개관,2018.10.09
1038,"[이코노 브리핑] KT, 여권만료전에 알림 문자서비스 外",2018.10.09
1039,라면·음료 등 인기 수출 가공식품에 국산 원료는 ‘찔끔’,2018.10.09
1040,"SK해운, 한앤코서 1조5000억 투자 유치",2018.10.08
1041,아모레퍼시픽 “2025년까지 50개국 진출”,2018.10.08
1042,신생 LCC 내년초 뜬다,2018.10.08
1043,서울 아파트값 절반 주담대로 냈다면 연이자만…,2018.10.08
1044,“날틀이 날아오릅니다”… 한글날 맞은 항공·IT기업 이벤트,2018.10.08
1045,"한화, 美서 ‘지상군 첨단화 솔루션’ 공개",2018.10.08
1046,"LG, 뉴욕 타임스스퀘어서 ‘BTS 뮤비’ 상영",2018.10.08
1047,4분기 은행대출 더 깐깐해질 듯,2018.10.08
1048,‘오너리스크’로 인한 가맹점 피해… 2019년부터 가맹본부가 책임져야,2018.10.08
1049,고객 보험금 떼먹고 약관대출 받아 가로채고… 보험설계사 등록취소 5년간 93건,2018.10.08
1050,미성년 부동산임대업자 전국에 244명,2018.10.08
1051,중금리대출 금리 최대 10%P 낮춘다,2018.10.08
1052,"남동발전, 석탄건조사업 ‘검은 유착’",2018.10.08
1053,1인당 가사노동 가치 年 710만원…여성 1076만원 > 남성 346만원,2018.10.08
1054,현대중 위기 극복 첫 노사정 회의…매주 2회 실무협의 갖기로,2018.10.08
1055,"김동연 ""일자리 어려움 지속 예상…가용 정책수단 총동원""",2018.10.08
1056,"딜라이트 보청기, 무료청력검사 및 보청기 기증 “기증사업 확대할 것”",2018.10.08
1057,"퀀텀게이트, 스마트시티전시회서 ‘차량과속경보시스템’ 선보여",2018.10.08
1058,"서울 ‘공유오피스’ 시장, 3년새 3배 이상 성장",2018.10.08
1059,"같은 서울하늘 아래 30평 아파트, 아크로리버 29억 VS 신림서초 1억원",2018.10.08
1060,"상위 1% 대기업·다주택자들, 지난 10년간 토지 보유 더 늘어",2018.10.08
1061,"신동빈 ""적극 투자로 국가 경제 이바지, 나라 위해 할 일 찾으라""지시",2018.10.08
1062,높아지는 은행 문턱… 4분기 가계대출 더 어려워 진다,2018.10.08
1063,여성1인 가사노동 가치 연간 1천77만원…남성의 3.1배,2018.10.08
1064,"쌍빠, 어딕트 히비스커스 립오일 출시",2018.10.08
1065,18세 이하 부동산 임대업자 244명…6세 年 임대소득 3억8850만· 0살 월 140만,2018.10.08
1066,미성년 임대업 사장님 전국 244명…23명은 억대연봉,2018.10.08
1067,643조원 굴릴 자본시장 대통령 국민연금 기금운용본부장에 안효준 BNK글로벌 사장,2018.10.08
1068,"살아있는 사람 폐, 중증 폐 질환자에 이식 허용",2018.10.08
1069,"제이니스, PC오프 프로그램 ‘엠오피스’로 달라진 기업문화 선도",2018.10.08
1070,"주 52시간 100일 직장인 54% ""별다른 변화 체감 못해""",2018.10.08
1071,주택담보대출 상환 어려운 한계가구 주택 매입해 재임대,2018.10.08
1072,"개인워크아웃, 10명 중 4명은 감면율 10% 이하",2018.10.08
1073,"""블로그·SNS서 불법대출 광고 폭증…올해 벌써 4천569건""",2018.10.08
1074,"갚아야 할 빚, 빛의 속도로 늘어…빚 부담에 울상짓는 가계 [김현주의 일상 톡톡]",2018.10.08
1075,"공정거래위원회, “행복드림으로 똑소리 나는 소비하세요!”",2018.10.08
1076,[이코노 브리핑] SKT ‘0순위 여행 ’ 지원 20대 100명 선발 외,2018.10.08
1077,"“세계 금융기관, 재생에너지 투자비중 확대… 한국도 한전 포트폴리오 다변화 유도해야”",2018.10.07
1078,기본차 완성도 바탕 성능 업… WRC·WTCR 동반 우승 눈앞,2018.10.07
1079,"통상전문가 10명 중 3명…""美·中 무역협상 결렬 예상""",2018.10.07
1080,2018년 3040 취업자 금융위기 후 최대폭 감소,2018.10.07
1081,"워킹맘 한달 보육비 77만원… ""일·가사 병행 너무 힘들다""",2018.10.07
1082,"은퇴 예상은 65세, 실제론 57세… ""최소 생활비는 198만원""",2018.10.07
1083,"‘피자에땅’, 미운털 가맹점에 집중 갑질",2018.10.07
1084,취약계층 대출 연체율 급등… 가계부채 악화 ‘부채질’,2018.10.07
1085,2주택 이상 보유자 전세보증 못 받는다,2018.10.07
1086,공공기관 부채 5년 만에 증가세로… 4년후 540조 육박,2018.10.07
1087,“국민연금 국내주식 투자손실 10조 육박”,2018.10.07
1088,"올 9월까지 지자체별 교통사고 사망자수, 지난해 같은 기간 비해 8.5% 감소",2018.10.07
1089,올 겨울 소매유통업 경기 가을 보다 더 악화,2018.10.07
1090,도시의 문턱을 낮추고 건축을 만나다,2018.10.07
1091,"대중과의 가감없는 소통, 유튜브 전성시대…가짜뉴스 문제는? [김현주의 일상 톡톡]",2018.10.07
1092,자율 출퇴근·한 달 휴가…금융권 워라밸 현주소는,2018.10.06
1093,고용·투자 먹구름 낀 한국경제…반도체만 선방,2018.10.06
1094,"""결혼해야 돈 빨리 모은다고요?"" [카드뉴스]",2018.10.06
1095,스페이스X·보잉 첫 유인 우주비행 일정 또 연기,2018.10.06
1096,"해외 직구 대중화 시대, 소비 패러다임 바꾼다…되팔이는 불법",2018.10.06
1097,휘발유 가격 14주째 상승곡선…3년 10개월만에 최고치,2018.10.06
1098,전자담배 유해성 시험방식 논란…필립모리스 vs 식약처 [김현주의 일상 톡톡],2018.10.06
1099,"농협, 금융감독원·경찰청과 공동 캠페인 펼쳐",2018.10.06
1100,"""게임 속에 들어가세요!"" 카카오 컨셉뮤지엄 시즌3 오픈",2018.10.06
1101,"한국암웨이, 뉴욕 아티스트 레이디 제이데이 퍼포먼스 진행",2018.10.06
1102,신동빈 회장 2심 집유 석방…롯데 경영 정상화 급물살,2018.10.05
1103,"김종회 의원 ""유전자변형 유채 확산은 검역 부실 탓""",2018.10.05
1104,소비자물가 1.9% ‘껑충’… 1년 만에 최대폭 ↑,2018.10.05
1105,신기록 쓴 삼성전자 … 영업익 17조5000억,2018.10.05
1106,"김동연, 英통상장관에 ""비핵화 후 北개발 관심 가져달라""",2018.10.05
1107,"아마존은 물가에 어떤 영향 미쳤나…가격조정주기 단축, 전국 단일물가 현상",2018.10.05
1108,정부 부동산 대책 이후 매수세 ‘뚝’…서울 집값 상승폭도 ‘뚝’,2018.10.05
1109,"국민연금 기금운용본부 직원들, 해외위탁운용사들 돈 받아 해외연수",2018.10.05
1110,저소득층 1세미만 아동 동네병원 진료비 내년부터 면제,2018.10.05
1111,"렌딧·8퍼센트·팝펀딩, 디지털금융협의회 발족… 둘로 나뉜 P2P 업계",2018.10.05
1112,"""효과 없고 세균만 득실한 인육캡슐"" 끊이지 않는 밀반입...올해도 300정 적발",2018.10.05
1113,폭염에 채솟값 12.4%↑…9월 물가 1년만에 최대 상승,2018.10.05
1114,"삼성전자 3분기 영업익 17조5000억원 사상 최고, 매출 65조원으로 역대 2위",2018.10.05
1115,삼성전자 석달에 17.5조 벌었다…또 실적 신기록,2018.10.05
1116,9월 물가 1.9%↑ 12개월 만에 최고…채소류 12.4%·농산물 12.0%·석유류 10.7%,2018.10.05
1117,한·미 금리차 0.75%p…가계부채·집값에 어떤 영향? [김현주의 일상 톡톡],2018.10.05
1118,"[이코노 브리핑] 기아차, 1.6터보엔진 ‘K3 GT’ 출시 외",2018.10.05
1119,"LG그룹 계열사 판토스 지분… 구광모 회장, 전량 처분키로",2018.10.04
1120,6일 밤 한강 하늘에 인공달 뜬다,2018.10.04
1121,"임대업자 1위, 집 604채 보유",2018.10.04
1122,삼성전자 브랜드 가치 세계 6위…올 역대 최고 599억달러 기록,2018.10.04
1123,이부진의 호텔신라 올 매출 5조 넘어설까,2018.10.04
1124,"화웨이, 5G 장비 전파인증 신청",2018.10.04
1125,세계 첫 렌즈 5개… ‘펜타 카메라’시대 열었다,2018.10.04
1126,SKT “차공유서비스에 자율주행 기술 접목”,2018.10.04
1127,"삼성, 딥러닝 영상 인식 기술 등에 553억 지원",2018.10.04
1128,‘금융산업공익재단’ 출범…  노사 공동 2000억원 출연,2018.10.04
1129,3년간 미성년자 증여 재산액 1조8000억…만1세 이하 690억,2018.10.04
1130,“창업 3년 넘은 혁신기업 성장 뒷받침”,2018.10.04
1131,"“통계청장 임기제 전환, 독립성 강화해야”",2018.10.04
1132,"“금융불균형 해소 필요”… 이주열, 금리인상 시사?",2018.10.04
1133,"""쌀 소비 갈수록 줄어… 중요한 건 생산조정""",2018.10.04
1134,적정한 쌀값은 얼마일까…목표가 놓고 갑론을박,2018.10.04
1135,5대 신산업 규제 풀어 일자리 10만개 창출,2018.10.04
1136,"""상생기업 아낌없는 지원""…기 살리기 나선  文대통령",2018.10.04
1137,사학·공무원연금 탈석탄 선언…저탄소 경제 서막,2018.10.04
1138,1∼3분기 외국인직접투자 192억달러…4년 연속 200억 눈앞,2018.10.04
1139,"김동연 ""고교 무상교육 재원 문제는 합의 못 이뤄…협의 필요""",2018.10.04
1140,"휴넷, 창립 19주년 기념 알쓸신잡2 유현준 교수 초빙 특강 진행",2018.10.04
1141,"박완주 의원 ""전국 양식장 HACCP 등록률 15%에 그쳐""",2018.10.04
1142,민간 투자 프로젝트 2022년까지 10만7천개 일자리 만든다,2018.10.04
1143,"""살 빼는 마약 무분별 처방…10년치 받은 환자도""",2018.10.04
1144,"골칫덩이 미세먼지, 대기정화 보도블럭이 줄여준다",2018.10.04
1145,"프라젠트라, 임산부의 날 맞아 이벤트 진행",2018.10.04
1146,"이주열 ""금융불균형 누증, 점진 해소해야…기업 미래투자 소홀""",2018.10.04
1147,10월 중 누적 판매 2만대 앞둔 메르세데스-벤츠 공식딜러 ‘KCC 오토’ 고객 감사 프로모션 선보여,2018.10.04
1148,9월 외환보유액 다시 늘어…4천30억달러 역대 최대,2018.10.04
1149,3천원 내고 4500만원 혜택…외국인 건보 먹튀 막는다,2018.10.04
1150,"""집배원이 위험하다""…5년간 사고로 1천421명 사상",2018.10.04
1151,"[이코노 브리핑] LG전자, 공기질전문연구소 설립 외",2018.10.04
1152,청년창업 신화 ‘봉구스밥버거’ 먹튀 매각 논란,2018.10.03
1153,[혁신성장의 전사] <3회> 이승건 비바리퍼블리카 대표,2018.10.03
1154,“2030년까지 전력구입비 9조 증가”,2018.10.03
1155,2019년 1월부터 대부업도 연대보증 폐지,2018.10.03
1156,"의사·변호사, 소득 숨기려 현금영수증 대신 할인 꼼수",2018.10.03
1157,스타필드시티 상생채용박람회,2018.10.03
1158,"S&P, 한국 신용등급 AA 유지",2018.10.03
1159,"""주가 수상한 급등… 알고보니 불공정거래""",2018.10.03
1160,"워크넷 신규 구인, 1년새 4만명 줄어",2018.10.03
1161,빚 부담에 허리 휘는 가계… 부채 증가 속도 세계 3위,2018.10.03
1162,불황에 너도나도 예·적금 깬다,2018.10.03
1163,탑항공 폐업…피해구제 방법은?,2018.10.03
1164,네네치킨에 팔린 봉구스밥버거…점주들 반발,2018.10.03
1165,정부가 또 불 지핀 부동산발 금리인상론…한은은 어쩌나,2018.10.03
1166,청년실업률 10% 시대…이제 수도권 일자리도 줄었다 [김현주의 일상 톡톡],2018.10.03
1167,10시간 걸리던 불량품 검수 10분으로 ‘뚝’,2018.10.03
1168,데이터 분석 역량 강화 ‘올인’… 불량률 ‘다운’ 작업 속도 ‘업’,2018.10.03
1169,"[이코노 브리핑] 현대엘리베이터, IDEA 디자인상 외",2018.10.03
1170,"마윈 ""미·중 무역전쟁 20년 갈 수도"" 우려",2018.10.03
1171,"오세린 대표 구속된 봉구스밥버거, 네네치킨에 인수돼…가맹점주는 반발",2018.10.02
1172,"김동연 ""아이디어 차원에서 최저임금 지역별 차별화 내부 검토 중""",2018.10.02
1173,그린벨트·금리·분양가 언급…추가 압박 카드 꺼낸 정부,2018.10.02
1174,“상장·폐지 관련 외부감사제 재검토 필요”,2018.10.02
1175,돌연 폐업 선언 탑항공 미처 환불 못한 피해자 구제 받으려면?,2018.10.02
1176,AI 에어컨·첨단 태양광 모듈… 고효율 에너지 설비 한자리에,2018.10.02
1177,중소기업 96% “현행 전기요금 부담된다”,2018.10.02
1178,아시아나항공 우수회원 승급·자격 유지 쉬워진다,2018.10.02
1179,코발트 가격 하락에 배터리 업계 “휴”,2018.10.02
1180,알뜰폰 49만명 이통사로 이탈,2018.10.02
1181,“사진속 내가 움직인다”… 신기한 ‘매직포토’,2018.10.02
1182,‘주 52시간’ 후 직장인 근무시간 55분 감소,2018.10.02
1183,자율주행차시대 코앞…교통사고 배상책임 누가 지나,2018.10.02
1184,성인 60% “일자리 정책 실효성 없다”,2018.10.02
1185,기업체감경기 4개월 만에 소폭 개선,2018.10.02
1186,"""혜택은 서울사람, 유탄은 우리가""…9·21 대책 난제",2018.10.02
1187,"여유자금, 가계는 줄고… 정부는 늘고",2018.10.02
1188,석유공사  무분별 해외 자원개발 ‘제동’,2018.10.02
1189,서울 아파트 월세 비중 3년8개월 만에 ‘최저’,2018.10.02
1190,“한·미 FTA 화물차 관세 연장으로 연간 2960대 수출 기회 상실 전망”,2018.10.02
1191,무늬만 초특가에 시큰둥…이름값 못 하는 KSF,2018.10.02
1192,정의감만으로 국민 노후자금 지킬 수 있나,2018.10.02
1193,실종된 투자 IMF 이후 최장…우려 커지는 한국,2018.10.02
1194,"""숯검댕이 가슴""…김동연 고용악화 대국민 사과",2018.10.02
1195,"스퀘어원, 개점 6주년 기념 ‘그랜드 카니발’ 행사 실시",2018.10.02
1196,"클렌즈주스, 다이어트·질병예방 등에 만병통치약 이라더니…",2018.10.02
1197,"시너론-켄델라, 한국지사 설립과 함께 10월부터 직접 판매 나서",2018.10.02
1198,여성장애인 한달 수입 60만원…남성장애인의 절반도 안돼,2018.10.02
1199,"김동연 ""부동산 시장 불안정 때 단호·신속하게 조치""",2018.10.02
1200,"""우리나라 고위공무원 셋 중 한명은 강남3구 집주인""",2018.10.02
1201,코리아세일페스타 무늬만 행사로 전락하나,2018.10.02
1202,"전문가 ""박원순 도심복합개발 구상 긍정적…공급확대 바람직""",2018.10.02
1203,"""심장 수술할 의사 없다""…흉부외과 의사 충원율 절반",2018.10.02
1204,"안다르, 시리 레깅스 업그레이드 버전 ‘에어코튼 뉴(New) 시리’ 출시",2018.10.02
1205,"100세 맞은 1천343명에 장수지팡이…문 대통령, 첫 축하카드",2018.10.02
1206,"에스테틱 전문 브랜드 ‘피몽쉐’, 5가지 가을 신제품 론칭",2018.10.02
1207,다양한 혜택이 쏟아진다… 롯데로 ON 이벤트 실시,2018.10.02
1208,"주 52시간 도입 3개월…""직장인 근무시간 55분 감소""",2018.10.02
1209,"투자 6개월째 감소, 20년새 최장기↓…산업생산은 두달째↑",2018.10.02
1210,"새 외감법 시행 한달 앞…금융위 ""감사인 독립성 높여야""",2018.10.02
1211,"한국필립모리스 ""흡연자들 정확한 정보로 더 나은 대체제품 선택할 권리 있어"" [이슈탐색]",2018.10.02
1212,"GS∙KITA, 벤처 네트워킹 행사",2018.10.02
1213,"[이코노 브리핑] 케이뱅크, 해외송금수수료 인하 외",2018.10.02
1214,9개 금융지주사 상반기 순익 7조 돌파,2018.10.02
1215,"서울시, 2018년 최저임금 보다 높은 생활임금…시급 1만원 시대",2018.10.01
1216,기업 10월 경기전망 반짝 상승,2018.10.01
1217,“삼성전자 좋아요”… 전세계 공대생 선호도 9위,2018.10.01
1218,300조 中 섬유시장 뛰어든 효성 조 회장,2018.10.01
1219,"SK텔레콤, 보안업체 ADT캡스 인수 완료",2018.10.01
1220,KT 인건비 4년반 동안 10조3000억… 경쟁사 3배,2018.10.01
1221,"현대차, 3년 준법운행 후 재구매 땐 할인",2018.10.01
1222,9월 수출 2017년比 8.2% 감소… 일평균은 사상 최대,2018.10.01
1223,영역 무너진 금융시장… 생존 전쟁 서막,2018.10.01
1224,“청년창업·혁신분야 자금공급 확대”,2018.10.01
1225,뛰는 집값에… 부동산 펀드·신탁 사상최대,2018.10.01
1226,‘하도급 갑질’ 혐의 현대重 직권조사,2018.10.01
1227,“같은 로션도 온·오프라인 가격차 최대 70%”,2018.10.01
1228,위택스 주택·토지 재산세 10월1일까지…기한 넘기면 3% 가산금,2018.10.01
1229,일자리 참사는 인구구조 탓?…통계청 발표 논란,2018.10.01
1230,자산운용 경험 불필요?…국민연금 CIO 공고 논란,2018.10.01
1231,"상어·산호 등 해양자원 분양, 10월부터 온라인 서비스",2018.10.01
1232,보도사진 박물관 ‘뉴스뱅크’ 전면 리뉴얼,2018.10.01
1233,캐나다도 쿼터 받았는데 완전한 車관세 면제 가능할까,2018.10.01
1234,명품에 열광하는 대한민국… 명품 가방 시장 세계 4위,2018.10.01
1235,상반기 금융지주 순이익 7조원 넘어…하반기 2천749명 채용,2018.10.01
1236,"""배달앱, 비싼 광고료에 수수료도…과점구조도 점주에 부담""",2018.10.01
1237,고용한파에 감정노동에…취준생·서비스직 우울감 더 높다,2018.10.01
1238,"""美금리인상·무역분쟁, 한국경제에 영향 적지만 오래갈수도""",2018.10.01
1239,이달부터 생리대 포장에 모든 성분 표시 의무화,2018.10.01
1240,BMW 리콜 관련 집단소송 참여자 2천명 넘어,2018.10.01
1241,"LH 임대주택 불법 전대 5년간 600여 건 적발…""고발은 8건 불과""",2018.10.01
1242,"어린이 백일해 유행…""만7∼12세 Tdap 백신 접종해야""",2018.10.01
1243,너도나도 한국의 아마존…허상일까 실제일까? [김현주의 일상 톡톡],2018.10.01
1244,“1020세대를 잡아라”… 은행들 ‘젊은 고객’ 유치 경쟁,2018.10.01
1245,"[이코노 브리핑] 삼성카드, 올림픽공원서 ‘홀가분 마켓’ 外",2018.10.01
