,단어명,빈도수
0,가상,113
1,화폐,110
2,톡톡,81
3,일상,79
4,삼성,72
5,타이어,69
6,인상,69
7,코노,68
8,브리핑,68
9,금호,64
10,투자,64
11,최저임금,64
12,일자리,62
13,지원,62
14,김동연,59
15,시장,58
16,금융,57
17,해외,54
18,경영,51
19,롯데,50
20,금리,49
21,수출,48
22,관세,48
23,사업,47
24,특집,47
25,최고,45
26,사회,44
27,플러스,43
28,산업,42
29,은행,42
30,매각,41
31,채용,41
32,국내,40
33,전자,40
34,작년,40
35,협상,40
36,대출,39
37,출시,39
38,청년,39
39,김현주,37
40,거래소,37
41,거래,37
42,노조,36
43,혁신,36
44,경제,35
45,업체,34
46,공장,34
47,논란,33
48,농협,33
49,확대,33
50,역대,33
51,증가,32
52,철강,32
53,부담,31
54,규제,31
55,서비스,31
56,공헌,31
57,비트코인,30
58,군산,30
59,개발,29
60,개최,28
61,직원,28
62,건설,28
63,대책,28
64,자금,27
65,기술,27
66,취업,26
67,세계,26
68,폐쇄,26
69,이주열,26
70,미국,25
71,강화,25
72,주택,25
73,위해,24
74,사장,24
75,한미,24
76,브랜드,24
77,비리,24
78,사상,24
79,성장,23
80,카드,23
81,안정,23
82,합의,22
83,관리,22
84,돌파,22
85,판매,22
86,폭탄,22
87,공정위,22
88,신규,21
89,금감원,21
90,생산,21
91,문제,21
92,진행,21
93,물가,21
94,소득,20
95,협력,20
96,그룹,20
97,전쟁,20
98,글로벌,20
99,무역,20
100,창업,20
101,강남,20
102,가격,20
103,과징금,20
104,부동산,20
105,재건축,19
106,중소기업,19
107,영업,19
108,코스닥,19
109,대기업,18
110,결정,18
111,가맹,18
112,카카오,18
113,비상,18
114,피해,18
115,수요,18
116,정책,18
117,상승,18
118,중단,18
119,발표,17
120,시행,17
121,공인,17
122,오픈,17
123,블록,17
124,체인,17
125,인수,17
126,감소,17
127,아파트,17
128,신동빈,17
129,연휴,17
130,노사,16
131,현대,16
132,준비,16
133,최저,16
134,의혹,16
135,규모,16
136,이상,16
137,고객,16
138,가장,16
139,임금,16
140,트럼프,16
141,전환,16
142,이건희,16
143,차명계좌,16
144,계좌,16
145,커피,15
146,결제,15
147,가능성,15
148,공개,15
149,세금,15
150,실적,15
151,현대차,15
152,통화,15
153,확인,15
154,직장인,15
155,통해,15
156,중국,15
157,보험,15
158,하나,15
159,대우건설,15
160,평창,15
161,국제,14
162,현장,14
163,신청,14
164,할인,14
165,플랫폼,14
166,고용,14
167,업계,14
168,가능,14
169,기준,14
170,하락,14
171,부과,14
172,유지,14
173,조사,14
174,투기,14
175,회사,14
176,실명,14
177,전력,14
178,스타,13
179,김상조,13
180,압박,13
181,본부,13
182,계획,13
183,고발,13
184,광고,13
185,예상,13
186,활성화,13
187,우려,13
188,통상,13
189,도입,13
190,기대,13
191,속도,13
192,회복,13
193,인사,13
194,추가,13
195,소상,13
196,가계,13
197,세이프,13
198,가드,13
199,분할,13
200,외식,13
201,상생,12
202,시대,12
203,더블,12
204,본격,12
205,소비,12
206,이벤트,12
207,자율,12
208,현금,12
209,이후,12
210,검토,12
211,진출,12
212,집값,12
213,자동차,12
214,수입,12
215,안전,12
216,대응,12
217,지역,12
218,주식,12
219,희망,12
220,선정,12
221,사드,12
222,총재,12
223,대상,12
224,소비자,12
225,실업률,12
226,여성,12
227,실시,12
228,확산,12
229,쇼핑,12
230,한파,12
231,센터,11
232,점검,11
233,법정관리,11
234,매출,11
235,최초,11
236,연속,11
237,자산,11
238,뱅크,11
239,평가,11
240,참여,11
241,개정,11
242,과세,11
243,프랜차이즈,11
244,면제,11
245,조선,11
246,타격,11
247,이재용,11
248,공공기관,11
249,개인,11
250,스마트폰,11
251,위기,11
252,보복,11
253,제품,11
254,국가,11
255,국세청,11
256,재정,11
257,추경,11
258,해결,11
259,행사,11
260,우리,11
261,충격,11
262,선물,11
263,회의,11
264,비용,11
265,사용,11
266,지난해,11
267,호반,11
268,새해,11
269,공무원,10
270,채권,10
271,감사,10
272,육박,10
273,시간,10
274,환율,10
275,세트,10
276,계약,10
277,경기,10
278,폐지,10
279,마트,10
280,사실,10
281,노인,10
282,보청기,10
283,아이,10
284,비중,10
285,전국,10
286,여행,10
287,참가,10
288,프리미엄,10
289,적발,10
290,결과,10
291,요청,10
292,상품,10
293,체결,10
294,달러,10
295,네이버,10
296,평창올림픽,10
297,온라인,10
298,평균,10
299,치킨,10
300,홍종학,10
301,사랑,10
302,회생,9
303,개편,9
304,기념,9
305,인하,9
306,베트남,9
307,발전,9
308,책임,9
309,절반,9
310,국민연금,9
311,반도체,9
312,수익,9
313,추천,9
314,개선,9
315,전략,9
316,가동,9
317,기관,9
318,적자,9
319,수수료,9
320,연봉,9
321,급등,9
322,생활,9
323,제공,9
324,사임,9
325,반대,9
326,주행,9
327,사외이사,9
328,필요,9
329,개시,9
330,게임,9
331,장관,9
332,전달,9
333,캠페인,9
334,필수,9
335,악재,9
336,수급,9
337,증시,9
338,구직,9
339,시세,9
340,나눔,9
341,명절,9
342,유세,9
343,맞이,9
344,감축,9
345,부회장,8
346,정상화,8
347,증권,8
348,우정,8
349,건강,8
350,협의,8
351,이자,8
352,대형,8
353,테크,8
354,개입,8
355,포스코,8
356,상승세,8
357,일부,8
358,이용,8
359,변신,8
360,효과,8
361,이익,8
362,코인,8
363,부총리,8
364,사고,8
365,현실,8
366,급증,8
367,성공,8
368,국산,8
369,분쟁,8
370,구조조정,8
371,유통,8
372,국민,8
373,가구,8
374,통합,8
375,혜택,8
376,영향,8
377,담합,8
378,통보,8
379,단체,8
380,개혁,8
381,기재부,8
382,수주,8
383,스마트,8
384,사업자,8
385,철도,8
386,육성,8
387,올림픽,8
388,세제,8
389,논의,8
390,기록,8
391,보유,8
392,주주,8
393,최악,8
394,지속,8
395,부실,8
396,포기,8
397,방문,8
398,대비,8
399,연금,7
400,출범,7
401,등장,7
402,제도,7
403,구매,7
404,투표,7
405,추락,7
406,임단협,7
407,임원,7
408,모델,7
409,전문,7
410,투자자,7
411,특별,7
412,당국,7
413,디지털,7
414,맞춤,7
415,고속도로,7
416,교육,7
417,행복,7
418,시스템,7
419,소외,7
420,검사,7
421,바이오,7
422,동반,7
423,원칙,7
424,중앙회,7
425,방안,7
426,확장,7
427,편의점,7
428,요구,7
429,농업,7
430,목표,7
431,적용,7
432,서민,7
433,선택,7
434,상반기,7
435,코레일,7
436,가치,7
437,전문가,7
438,구속,7
439,갤럭시,7
440,검찰,7
441,입찰,7
442,격차,7
443,예금,7
444,프로모션,7
445,공동,7
446,종합,7
447,최종,7
448,신고,7
449,사태,7
450,보상,7
451,분담,7
452,액면,7
453,조정,7
454,코리아,7
455,전망,7
456,활용,7
457,신설,7
458,실사,7
459,뉴스,7
460,로또,7
461,제외,7
462,생존,7
463,수사,7
464,이슈,7
465,발동,7
466,첫날,7
467,수준,7
468,신차,7
469,구축,7
470,총수,7
471,보호무역,7
472,근무,7
473,가속,7
474,전세,6
475,위반,6
476,노력,6
477,사람,6
478,긴급,6
479,유치,6
480,변화,6
481,재벌,6
482,승계,6
483,그린,6
484,사퇴,6
485,작업,6
486,백화점,6
487,체감,6
488,신제품,6
489,호텔,6
490,공사,6
491,비정규직,6
492,인기,6
493,직장,6
494,문화,6
495,활동,6
496,후원,6
497,투입,6
498,미세먼지,6
499,중견,6
500,납세,6
501,중기,6
502,완화,6
503,예산,6
504,직격탄,6
505,김현종,6
506,배제,6
507,공식,6
508,보고,6
509,보장,6
510,손실,6
511,연말정산,6
512,슈퍼,6
513,확정,6
514,폭락,6
515,기준금리,6
516,목소리,6
517,철수,6
518,사과,6
519,모두,6
520,모든,6
521,선임,6
522,내달,6
523,판단,6
524,확보,6
525,도로,6
526,손경,6
527,면접,6
528,위험,6
529,항공,6
530,단축,6
531,시험,6
532,대박,6
533,대규모,6
534,아시아나,6
535,설명,6
536,가상화,6
537,우선,6
538,도약,6
539,피해자,6
540,납부,6
541,정규직,6
542,출신,6
543,제재,6
544,차기,6
545,보호,6
546,대미,6
547,유한킴벌리,6
548,제한,6
549,붕괴,6
550,교체,6
551,기간,6
552,관심,6
553,금지,6
554,다음,6
555,쇼핑몰,6
556,지연,6
557,배정,6
558,연구,6
559,이웃,6
560,허용,6
561,맥주,6
562,증여,6
563,기능,6
564,보완,6
565,출발,5
566,초과,5
567,한우,5
568,타결,5
569,환경,5
570,전면,5
571,공유,5
572,건물,5
573,임대,5
574,지주,5
575,관세청장,5
576,총리,5
577,일감,5
578,주년,5
579,탈출,5
580,협약,5
581,입장,5
582,불가피,5
583,별개,5
584,부자,5
585,지도,5
586,납품,5
587,제조업,5
588,운명,5
589,지급,5
590,복귀,5
591,설립,5
592,신세계,5
593,페이스북,5
594,정보,5
595,지배구조,5
596,시동,5
597,관련,5
598,절차,5
599,유출,5
600,박람회,5
601,프로그램,5
602,에너지,5
603,복지,5
604,공간,5
605,민간,5
606,적극,5
607,한도,5
608,현상,5
609,일본,5
610,양보,5
611,중소,5
612,선언,5
613,기회,5
614,재계,5
615,부진,5
616,제안,5
617,유럽,5
618,실무,5
619,통신,5
620,언제,5
621,문턱,5
622,지정,5
623,돌입,5
624,회수,5
625,차단,5
626,분야,5
627,코스피,5
628,공포,5
629,유예,5
630,무산,5
631,조치,5
632,고래,5
633,홈쇼핑,5
634,운영,5
635,한국은행,5
636,역전,5
637,계속,5
638,공채,5
639,공시,5
640,농산물,5
641,국토부,5
642,보안,5
643,실질,5
644,반발,5
645,부정,5
646,가입,5
647,최소,5
648,일해,5
649,택시,5
650,선도,5
651,처분,5
652,최선,5
653,월급,5
654,지방,5
655,인력,5
656,로봇,5
657,폭풍,5
658,산업혁명,5
659,금제,5
660,오리,5
661,농장,5
662,도시,5
663,라면,5
664,껑충,5
665,런칭,5
666,모집,5
667,흑자,5
668,등록,5
669,최흥,5
670,공유경제,5
671,공단,5
672,상의,5
673,독서실,5
674,연장,5
675,난방,5
676,구입,5
677,화장품,5
678,열풍,5
679,발견,5
680,아마존,5
681,업무,5
682,수지,5
683,취임,5
684,위약금,5
685,금융위,5
686,가습기,5
687,반토막,5
688,외국인,5
689,면세점,5
690,수장,5
691,변수,5
692,핵심,5
693,규정,5
694,눈길,5
695,구조,5
696,노쇼,5
697,담보,5
698,대학생,5
699,계층,5
700,봉사,5
701,공감,5
702,기부,5
703,동결,5
704,합병,5
705,장기,5
706,홀딩스,5
707,후쿠시마,5
708,수산물,5
709,불안,5
710,연체,5
711,스케,5
712,자료,5
713,바람,5
714,부처,5
715,미소,5
716,가전,5
717,흐름,5
718,긍정,5
719,집중,5
720,이틀,5
721,아이폰,5
722,처음,5
723,올린다,5
724,교수,5
725,겨울철,5
726,알바생,5
727,복권,5
728,결혼,4
729,스타벅스,4
730,조금,4
731,수용,4
732,자본,4
733,사정,4
734,공정,4
735,위원장,4
736,반영,4
737,성과,4
738,상권,4
739,중공업,4
740,창립,4
741,빈곤,4
742,이면,4
743,결렬,4
744,결단,4
745,불가,4
746,하츠,4
747,개념,4
748,운규,4
749,배치,4
750,그림,4
751,라이프,4
752,세대,4
753,인건비,4
754,취약,4
755,의무,4
756,분양,4
757,알바,4
758,라인,4
759,정의선,4
760,수협,4
761,청년실업,4
762,가계부채,4
763,부문,4
764,부도,4
765,라이트,4
766,소통,4
767,인구,4
768,해소,4
769,프로젝트,4
770,과정,4
771,스포츠,4
772,공공,4
773,컨설팅,4
774,신용카드,4
775,어디,4
776,경고,4
777,청소기,4
778,실내,4
779,공략,4
780,방역,4
781,고민,4
782,첨단,4
783,국회,4
784,연맹,4
785,우버,4
786,강원랜드,4
787,갈등,4
788,트럭,4
789,거부,4
790,의류,4
791,매장,4
792,빅데이터,4
793,감원,4
794,승소,4
795,신입,4
796,근로시간,4
797,정상,4
798,심화,4
799,임박,4
800,퇴직,4
801,디자인,4
802,예고,4
803,싸움,4
804,주말,4
805,강세,4
806,착수,4
807,레드,4
808,대림,4
809,한번,4
810,하도급,4
811,한중,4
812,가짜,4
813,압력,4
814,발급,4
815,정지,4
816,중고,4
817,축소,4
818,대리점,4
819,주목,4
820,김치,4
821,주의,4
822,접수,4
823,때문,4
824,건조,4
825,복합,4
826,먹튀,4
827,담배,4
828,안마,4
829,의자,4
830,협회,4
831,진단,4
832,배달,4
833,의지,4
834,지난달,4
835,둔화,4
836,성능,4
837,검증,4
838,스토어,4
839,푸드,4
840,통과,4
841,대한민국,4
842,패키지,4
843,설치,4
844,마음,4
845,중심,4
846,분위기,4
847,체험,4
848,경매,4
849,패션,4
850,영수증,4
851,총력,4
852,차관,4
853,개성,4
854,여부,4
855,먼저,4
856,하나은행,4
857,병원,4
858,박용만,4
859,호황,4
860,대안,4
861,품목,4
862,안해,4
863,치료,4
864,수상,4
865,기반,4
866,농심켈로그,4
867,성동,4
868,세무조사,4
869,안경,4
870,보조금,4
871,드론,4
872,경찰,4
873,기초,4
874,도움,4
875,키즈,4
876,휴가,4
877,무선,4
878,압수수색,4
879,최강,4
880,화학,4
881,소액,4
882,외환,4
883,여파,4
884,제소,4
885,겨냥,4
886,입금,4
887,관계,4
888,검색,4
889,신입사원,4
890,통화정책,4
891,살균제,4
892,눈치,4
893,비명,4
894,중앙은행,4
895,지주사,4
896,부평,4
897,월세,4
898,항공기,4
899,원가,4
900,장학금,4
901,영세,4
902,인천,4
903,침체,4
904,우수,4
905,석방,4
906,고가,4
907,소송,4
908,자녀,4
909,실업,4
910,여전,4
911,한일,4
912,생각,4
913,체제,4
914,원전,4
915,미디어,4
916,커머스,4
917,걱정,4
918,부작용,4
919,인정,4
920,예약,4
921,전자담배,4
922,설연휴,4
923,연초,4
924,터미널,4
925,스타트업,4
926,전남,4
927,불법,4
928,인도,4
929,위원,4
930,개장,4
931,신용,4
932,전통,4
933,캠프,4
934,돈줄,4
935,친환경,4
936,지난,4
937,점수,4
938,물질,4
939,발령,4
940,반려동물,4
941,충전,4
942,세관,4
943,김밥,4
944,펀드,4
945,보험사,4
946,우리은행,4
947,암호,4
948,세탁기,4
949,연한,4
950,강도,4
951,차세대,4
952,과열,4
953,연말,4
954,공화국,3
955,캐릭터,3
956,공모전,3
957,간담,3
958,공정거래법,3
959,점포,3
960,대표이사,3
961,저격수,3
962,바다,3
963,김영문,3
964,산지,3
965,조합원,3
966,수저,3
967,교섭,3
968,촉구,3
969,환기,3
970,오해,3
971,전진,3
972,영농,3
973,어린이,3
974,대회,3
975,홈플러스,3
976,박차,3
977,아이디어,3
978,사원,3
979,입점,3
980,급락,3
981,선박,3
982,한수원,3
983,강행,3
984,연간,3
985,선착순,3
986,억제,3
987,경쟁,3
988,보고서,3
989,파워,3
990,집행,3
991,방통위,3
992,침해,3
993,택배,3
994,증진,3
995,관광,3
996,인식,3
997,도시재생,3
998,블라인드,3
999,단계,3
1000,어르신,3
1001,잠정,3
1002,보험료,3
1003,조성,3
1004,관건,3
1005,박스,3
1006,백신,3
1007,경상수지,3
1008,쿼터,3
1009,철강업,3
1010,신발,3
1011,환영,3
1012,가세,3
1013,모색,3
1014,의료기기,3
1015,사망,3
1016,만족도,3
1017,재산,3
1018,한숨,3
1019,스톡옵션,3
1020,사주,3
1021,출연,3
1022,신약,3
1023,분석,3
1024,빗썸,3
1025,철회,3
1026,파업,3
1027,하자,3
1028,대한항공,3
1029,재개,3
1030,폐업,3
1031,무시,3
1032,장사,3
1033,쇼크,3
1034,능력,3
1035,관광객,3
1036,데이,3
1037,화두,3
1038,독소,3
1039,대폭,3
1040,발대식,3
1041,수도,3
1042,행정명령,3
1043,영진,3
1044,마무리,3
1045,프로,3
1046,베드,3
1047,논리,3
1048,독립,3
1049,공짜,3
1050,옵션,3
1051,카시트,3
1052,하청,3
1053,파산,3
1054,절감,3
1055,성분,3
1056,표시,3
1057,해커,3
1058,상황,3
1059,한눈,3
1060,얼마나,3
1061,반기,3
1062,속보,3
1063,빨래,3
1064,노현정,3
1065,레시피,3
1066,나라,3
1067,신중,3
1068,성희롱,3
1069,시설,3
1070,해킹,3
1071,발족,3
1072,개인정보,3
1073,개국,3
1074,개방,3
1075,오징어,3
1076,가나,3
1077,광풍,3
1078,달말,3
1079,촉각,3
1080,선봬,3
1081,미투,3
1082,단신,3
1083,제시,3
1084,촬영,3
1085,개사,3
1086,투명,3
1087,물산,3
1088,승인,3
1089,역설,3
1090,출국,3
1091,행보,3
1092,모바일,3
1093,점주,3
1094,제작,3
1095,광화문,3
1096,대거,3
1097,해외여행,3
1098,사기,3
1099,에코,3
1100,기업가,3
1101,홍보,3
1102,양성,3
1103,파리,3
1104,훈련,3
1105,연결,3
1106,구글,3
1107,발목,3
1108,월간,3
1109,팝업,3
1110,인간,3
1111,세상,3
1112,이중근,3
1113,이통,3
1114,보편,3
1115,부금,3
1116,간편,3
1117,이름,3
1118,문답,3
1119,추위,3
1120,캡슐,3
1121,에어컨,3
1122,상공,3
1123,가중,3
1124,매진,3
1125,당첨,3
1126,사전,3
1127,불공정,3
1128,행위,3
1129,미혼,3
1130,남녀,3
1131,고공,3
1132,기질,3
1133,신의,3
1134,직업,3
1135,일로,3
1136,임산부,3
1137,임대주택,3
1138,석탄,3
1139,시티,3
1140,고려,3
1141,작심,3
1142,매매,3
1143,양자,3
1144,계란,3
1145,주장,3
1146,아이스크림,3
1147,안희정,3
1148,전기,3
1149,전역,3
1150,사병,3
1151,생태계,3
1152,제휴,3
1153,직무,3
1154,원금,3
1155,서도,3
1156,대부,3
1157,다가,3
1158,보름,3
1159,의뢰,3
1160,컬링,3
1161,실형,3
1162,랭킹,3
1163,창의,3
1164,먹거리,3
1165,매월,3
1166,채무,3
1167,수송,3
1168,부품,3
1169,기기,3
1170,두산,3
1171,포인트,3
1172,선수,3
1173,행진,3
1174,창원,3
1175,방위,3
1176,나이,3
1177,처리,3
1178,박사,3
1179,인프라,3
1180,뉴욕,3
1181,식품,3
1182,낙하산,3
1183,쌍용차,3
1184,년비,3
1185,이사장,3
1186,방법,3
1187,안티,3
1188,환원,3
1189,토즈,3
1190,활발,3
1191,재단,3
1192,격려,3
1193,심리,3
1194,수리,3
1195,국제공항,3
1196,난청,3
1197,반찬,3
1198,순환,3
1199,원장,3
1200,청원,3
1201,감자,3
1202,불황,3
1203,항공사,3
1204,국제선,3
1205,국내선,3
1206,여객,3
1207,페이,3
1208,인공,3
1209,지능,3
1210,린다,3
1211,본사,3
1212,눈물,3
1213,대란,3
1214,지옥,3
1215,형태,3
1216,밥상,3
1217,내정,3
1218,패소,3
1219,생명,3
1220,남자,3
1221,경북,3
1222,스위스,3
1223,스와프,3
1224,엥겔계수,3
1225,강릉,3
1226,특혜,3
1227,정리,3
1228,성적,3
1229,할증,3
1230,잔액,3
1231,중대,3
1232,뒤통수,3
1233,부모,3
1234,악화,3
1235,마진,3
1236,접속,3
1237,금수,3
1238,감시,3
1239,민관,3
1240,통행료,3
1241,승진,3
1242,몸집,3
1243,휴무,3
1244,국세,3
1245,도전,3
1246,단독주택,3
1247,지점,3
1248,생일,3
1249,안심,3
1250,교복,3
1251,햄버거,3
1252,세종,3
1253,노비타,3
1254,콜라,3
1255,조기,3
1256,애경,3
1257,두번째,3
1258,직영,3
1259,역주행,3
1260,문재인,3
1261,배터리,3
1262,천안,3
1263,스페이스,3
1264,의심,3
1265,벌써,3
1266,조짐,3
1267,탑재,3
1268,호조,3
1269,잡기,3
1270,은행권,3
1271,거품,3
1272,겨울,3
1273,결의,3
1274,탄생,3
1275,자유,3
1276,차례상,3
1277,목적,3
1278,광명역,3
1279,승률,3
1280,애플,3
1281,동남아,3
1282,청탁,3
1283,차별,3
1284,마케팅,3
1285,사례,3
1286,대상자,3
1287,매도,3
1288,차량,3
1289,근거,3
1290,꼼수,3
1291,역할,3
1292,설계,3
1293,반등,3
1294,한진,3
1295,쇄도,3
1296,앞장,3
1297,외부,3
1298,정말,3
1299,위법,3
1300,폐시,3
1301,임대료,3
1302,시급,3
1303,시중,3
1304,유시민,3
1305,직전,3
1306,차익,3
1307,사용자,3
1308,달성,3
1309,궐련,3
1310,효성,3
1311,파고,3
1312,마이너스,2
1313,상환,2
1314,지고,2
1315,육아휴직,2
1316,수제,2
1317,헌법,2
1318,탐구,2
1319,국가부채,2
1320,진실,2
1321,패밀리,2
1322,발판,2
1323,정기,2
1324,총회,2
1325,동반성,2
1326,시상식,2
1327,압구정,2
1328,금융시장,2
1329,살얼음,2
1330,수산,2
1331,화물,2
1332,분수령,2
1333,편법,2
1334,속출,2
1335,청정,2
1336,청정기,2
1337,시간대,2
1338,컨퍼런스,2
1339,렌탈,2
1340,정착,2
1341,농부,2
1342,작두,2
1343,효소,2
1344,전액,2
1345,제주항공,2
1346,장거리,2
1347,진화,2
1348,공항,2
1349,상가,2
1350,지수,2
1351,갈림길,2
1352,인증서,2
1353,대체,2
1354,도래,2
1355,성과급,2
1356,파견,2
1357,죄송,2
1358,조현아,2
1359,자작,2
1360,세월호,2
1361,실험,2
1362,은폐,2
1363,연구소,2
1364,최근,2
1365,미만,2
1366,국회의원,2
1367,태양광,2
1368,특허,2
1369,동의,2
1370,간판,2
1371,매년,2
1372,봉안당,2
1373,고용주,2
1374,하이패스,2
1375,전용,2
1376,개통,2
1377,외환시장,2
1378,약속,2
1379,선점,2
1380,낙찰,2
1381,수집,2
1382,도어,2
1383,데드라인,2
1384,비판,2
1385,전북,2
1386,모터쇼,2
1387,운용,2
1388,부부,2
1389,토지,2
1390,불평등,2
1391,캐피탈,2
1392,중간,2
1393,물류,2
1394,기지,2
1395,장애인,2
1396,조직,2
1397,과학,2
1398,재해,2
1399,학교,2
1400,청소년,2
1401,시니어,2
1402,선두,2
1403,멤버십,2
1404,손보,2
1405,협회장,2
1406,건보,2
1407,실손,2
1408,거점,2
1409,협조,2
1410,도심,2
1411,대적,2
1412,포스트,2
1413,직판,2
1414,티쿤,2
1415,돼지,2
1416,농가,2
1417,더욱,2
1418,신경,2
1419,구제역,2
1420,발생,2
1421,비즈니스,2
1422,상담,2
1423,귀국,2
1424,종교인,2
1425,헌법소원,2
1426,최후,2
1427,조합,2
1428,사항,2
1429,행차,2
1430,점화,2
1431,외교,2
1432,편성,2
1433,국면,2
1434,실익,2
1435,충당,2
1436,부채,2
1437,픽업,2
1438,약사,2
1439,찬성,2
1440,휴식,2
1441,개관,2
1442,대신,2
1443,전공,2
1444,과목,2
1445,무기한,2
1446,이하,2
1447,대우,2
1448,연대보증,2
1449,피하,2
1450,므누신,2
1451,술렁,2
1452,요금,2
1453,지하철,2
1454,권리,2
1455,저축,2
1456,재직,2
1457,호기,2
1458,막바지,2
1459,해양수산부,2
1460,창작,2
1461,월드,2
1462,구성,2
1463,셀프,2
1464,손질,2
1465,홍합,2
1466,물량,2
1467,폐기,2
1468,통계,2
1469,발굴,2
1470,새벽,2
1471,배송,2
1472,백악관,2
1473,면담,2
1474,총서,2
1475,환경문제,2
1476,표명,2
1477,양상,2
1478,해운,2
1479,주력,2
1480,변동,2
1481,차이,2
1482,시계,2
1483,후속,2
1484,사비,2
1485,원화,2
1486,가산,2
1487,국민은행,2
1488,펌프,2
1489,장착,2
1490,지금,2
1491,과태료,2
1492,제과,2
1493,안도,2
1494,아이오,2
1495,트릭,2
1496,매파,2
1497,해석,2
1498,추적,2
1499,프로야구,2
1500,이노,2
1501,시범,2
1502,반덤핑,2
1503,시위,2
1504,몸살,2
1505,경제민주화,2
1506,며느리,2
1507,동영상,2
1508,이마트,2
1509,간다,2
1510,방향,2
1511,어업,2
1512,어민,2
1513,판로,2
1514,테스트,2
1515,물티슈,2
1516,루스,2
1517,케이스,2
1518,단비,2
1519,지적,2
1520,부활,2
1521,본부장,2
1522,깜짝,2
1523,눈앞,2
1524,실효,2
1525,선배,2
1526,의사,2
1527,산업부,2
1528,위장,2
1529,글쎄,2
1530,아예,2
1531,이노베이션,2
1532,가스,2
1533,업종,2
1534,제화,2
1535,이견,2
1536,대도,2
1537,합격,2
1538,중요,2
1539,고위,2
1540,골프,2
1541,재테크,2
1542,노하우,2
1543,마이,2
1544,분산,2
1545,특위,2
1546,차원,2
1547,향후,2
1548,금징,2
1549,서해,2
1550,주꾸미,2
1551,실종,2
1552,아웃,2
1553,수립,2
1554,복인,2
1555,불씨,2
1556,물살,2
1557,부당성,2
1558,해결사,2
1559,케이,2
1560,영상,2
1561,테마,2
1562,파크,2
1563,뮤즈,2
1564,레볼루션,2
1565,김현미,2
1566,새만금,2
1567,유리,2
1568,원목,2
1569,카레,2
1570,트렌드,2
1571,전경련,2
1572,사옥,2
1573,통운,2
1574,다툼,2
1575,젊은이,2
1576,유도,2
1577,땜질,2
1578,가족,2
1579,기획,2
1580,선호,2
1581,미니,2
1582,바게뜨,2
1583,주기,2
1584,벤처기업,2
1585,기타,2
1586,누가,2
1587,폐공,2
1588,국토,2
1589,발사체,2
1590,발사,2
1591,배우,2
1592,란제리,2
1593,기계,2
1594,무상,2
1595,부영,2
1596,열사,2
1597,최신,2
1598,솔루션,2
1599,개막,2
1600,해고자,2
1601,일제,2
1602,나선,2
1603,조회,2
1604,발행,2
1605,잘못,2
1606,안착,2
1607,사육,2
1608,음성,2
1609,입학식,2
1610,축산,2
1611,스마일,2
1612,임권,2
1613,바로,2
1614,여가,2
1615,농업인,2
1616,백설기,2
1617,단지,2
1618,통영,2
1619,일임,2
1620,수익률,2
1621,적금,2
1622,구제,2
1623,국내외,2
1624,커뮤니티,2
1625,해수부,2
1626,건수,2
1627,가율,2
1628,화이트데이,2
1629,기념일,2
1630,농성,2
1631,간부,2
1632,대화,2
1633,지사,2
1634,설득,2
1635,차질,2
1636,보료,2
1637,만족,2
1638,정지원,2
1639,대우조선,2
1640,해양,2
1641,전량,2
1642,남북,2
1643,방북,2
1644,주요,2
1645,협업,2
1646,풍선,2
1647,갑론,2
1648,결론,2
1649,장밋빛,2
1650,가난,2
1651,금융위기,2
1652,채널,2
1653,인적,2
1654,리더,2
1655,몰리,2
1656,이메일,2
1657,제대로,2
1658,불균형,2
1659,동맹,2
1660,강력,2
1661,코팅,2
1662,필름,2
1663,현주소,2
1664,순항,2
1665,소집,2
1666,신고리,2
1667,트랙,2
1668,순수,2
1669,보드,2
1670,중장,2
1671,체계,2
1672,기획재정부장관,2
1673,하필,2
1674,뒷말,2
1675,재산권,2
1676,국고,2
1677,대체로,2
1678,투쟁,2
1679,으뜸,2
1680,서명,2
1681,클라우드,2
1682,희박,2
1683,단기,2
1684,엔진,2
1685,멕시코,2
1686,팀킴,2
1687,프렌즈,2
1688,타고,2
1689,출산휴가,2
1690,가열,2
1691,장년,2
1692,음악,2
1693,최성준,2
1694,여행객,2
1695,남성,2
1696,예정,2
1697,완구,2
1698,정식,2
1699,보급,2
1700,배당금,2
1701,히트,2
1702,조건,2
1703,서정진,2
1704,렌터카,2
1705,모범,2
1706,전해,2
1707,드림,2
1708,세븐일레븐,2
1709,하늘,2
1710,대학,2
1711,영토,2
1712,외신,2
1713,자회사,2
1714,통신비,2
1715,만화,2
1716,비서,2
1717,법인,2
1718,성폭행,2
1719,영화,2
1720,러시아,2
1721,나프타,2
1722,주문,2
1723,구인,2
1724,전체,2
1725,파격,2
1726,신뢰,2
1727,약정,2
1728,누적,2
1729,역사,2
1730,공조,2
1731,개설,2
1732,근로자,2
1733,플랜,2
1734,해법,2
1735,아내,2
1736,오류,2
1737,체크카드,2
1738,실현,2
1739,훈풍,2
1740,동맹국,2
1741,제거,2
1742,연속성,2
1743,트리플,2
1744,해임,2
1745,합법,2
1746,강관,2
1747,명예,2
1748,과제,2
1749,은총,2
1750,승객,2
1751,대중교통,2
1752,여개,2
1753,소득세,2
1754,마감,2
1755,상태,2
1756,명중,2
1757,업자,2
1758,고삐,2
1759,안갯속,2
1760,음식점,2
1761,평생,2
1762,리지,2
1763,논문,2
1764,보따리,2
1765,외한,2
1766,회계,2
1767,식당,2
1768,하이트진로,2
1769,호주,2
1770,외경,2
1771,실천,2
1772,치유,2
1773,급식,2
1774,포항,2
1775,복구,2
1776,아카데미,2
1777,주거,2
1778,예비,2
1779,출산,2
1780,자립,2
1781,경쟁력,2
1782,한시,2
1783,포착,2
1784,노인성,2
1785,착용,2
1786,책임감,2
1787,가게,2
1788,상용,2
1789,관문,2
1790,출자,2
1791,기한,2
1792,조절,2
1793,내부,2
1794,수십,2
1795,차등,2
1796,택지,2
1797,표정,2
1798,신격호,2
1799,위임,2
1800,카페,2
1801,특수,2
1802,케미칼,2
1803,사건,2
1804,시연,2
1805,선출,2
1806,주일,2
1807,전제,2
1808,디젤,2
1809,리콜,2
1810,홀로,2
1811,직구,2
1812,근로,2
1813,수여,2
1814,다른,2
1815,임명,2
1816,포털,2
1817,여자,2
1818,경향하우징페어,2
1819,불참,2
1820,명품,2
1821,유명,2
1822,박상희,2
1823,초유,2
1824,채무자,2
1825,권고,2
1826,해지,2
1827,부가,2
1828,구체,2
1829,도시락,2
1830,외면,2
1831,시나리오,2
1832,주도,2
1833,간섭,2
1834,사직,2
1835,심해,2
1836,머신,2
1837,원단,2
1838,경전,2
1839,골목,2
1840,우뚝,2
1841,장바구니,2
1842,고통,2
1843,엔지니어링,2
1844,유류,2
1845,면죄부,2
1846,아버지,2
1847,집단소송,2
1848,실직,2
1849,소비자원,2
1850,와인,2
1851,변호사,2
1852,연기,2
1853,성전,2
1854,사면초가,2
1855,상속,2
1856,회원,2
1857,폭주,2
1858,카운터,2
1859,구치소,2
1860,내비,2
1861,출동,2
1862,인천공항,2
1863,얌체,2
1864,보증,2
1865,고기,2
1866,탐색,2
1867,휴대전화,2
1868,축산물,2
1869,전개,2
1870,미드,2
1871,송도,2
1872,경기도,2
1873,협동조합,2
1874,법정구속,2
1875,선고,2
1876,실태,2
1877,질병,2
1878,종식,2
1879,날씨,2
1880,여학생,2
1881,맥도날드,2
1882,캠퍼스,2
1883,스터디,2
1884,콜러,2
1885,지엠,2
1886,성인,2
1887,낫다,2
1888,샌드위치,2
1889,여권,2
1890,스타트,2
1891,당부,2
1892,완전,2
1893,공급,2
1894,여직원,2
1895,사내,2
1896,야간,2
1897,수도권,2
1898,공직자,2
1899,소지,2
1900,설날,2
1901,양산,2
1902,적격,2
1903,이색,2
1904,성화,2
1905,봉송,2
1906,전시장,2
1907,이전,2
1908,송파,2
1909,공원,2
1910,신축,2
1911,향상,2
1912,주춤,2
1913,현송월,2
1914,라운드,2
1915,포함,2
1916,다스,2
1917,휴대,2
1918,당혹,2
1919,전원,2
1920,상주,2
1921,상여금,2
1922,정황,2
1923,충남,2
1924,정신,2
1925,대금,2
1926,배당,2
1927,새우,2
1928,도로공사,2
1929,카자흐스탄,2
1930,노동,2
1931,니아,2
1932,음향,2
1933,공격,2
1934,조작,2
1935,고유,2
1936,여수,2
1937,아프리카,2
1938,신년,2
1939,지출,2
1940,페어,2
1941,악성코드,2
1942,유포,2
1943,해도,2
1944,유해,2
1945,전기차,2
1946,수소,2
1947,종부세,2
1948,촘촘,2
1949,단독,2
1950,아시아,2
1951,보증금,2
1952,용도,2
1953,교통,2
1954,교통사고,2
1955,역량,2
1956,자유낙하,2
1957,신기록,2
1958,경비,2
1959,경신,2
1960,위생,2
1961,김병원,2
1962,강서,2
1963,공판,2
1964,우드,2
1965,펀딩,2
1966,운행,2
1967,척척,2
1968,법원,2
1969,환급,2
1970,금요일,2
1971,등세,2
1972,불과,2
1973,구간,2
1974,맹점,2
1975,거주,2
1976,위주,2
1977,도심공항,2
1978,연합,2
1979,역습,2
1980,외가,2
1981,진입,2
1982,호실,2
1983,포천,2
1984,판매량,2
1985,제네시스,2
1986,서버,2
1987,애로,2
1988,워시,2
1989,석유화학,2
1990,완료,2
1991,식지,2
1992,헐값,2
1993,방산,2
1994,외화,2
1995,업그레이드,2
1996,영역,2
1997,취급,2
1998,미흡,2
1999,폐차,2
2000,황창규,2
2001,창구,2
2002,단가,2
2003,제로,2
2004,북적,2
2005,인도네시아,2
2006,부사,2
2007,유발,2
2008,레이,2
2009,출석,2
2010,예방,2
2011,자구,2
2012,위메프,2
2013,즉시,2
2014,숙명,2
2015,말레이시아,2
2016,스키,2
2017,범죄,2
2018,열차,2
2019,기재,2
2020,기아차,2
2021,설비,2
2022,위축,2
2023,리그,2
2024,반드시,2
2025,법정,2
2026,컨선,2
2027,조선소,2
2028,성적표,2
2029,하이닉스,2
2030,리움,2
2031,신용등급,2
2032,토종,2
2033,제기,2
2034,체인지,2
2035,하위,2
2036,유인,2
2037,상한,2
2038,타깃,2
2039,지위,2
2040,남용,2
2041,점진,2
2042,방침,2
2043,언급,2
2044,취지,2
2045,재래시장,2
2046,기존,2
2047,뚝딱,2
2048,상향,2
2049,착륙,2
2050,상장,2
2051,이미지,2
2052,무료,2
2053,보도,2
2054,의견,2
2055,주가,2
2056,저승사자,2
2057,화천,2
2058,족발,2
2059,정재승,2
2060,부위,2
2061,철호,2
2062,바닥,2
2063,집배원,2
2064,외화예금,2
2065,무근,2
2066,셀트리온,2
2067,지폐,2
2068,최태원,2
2069,건조기,2
2070,타당,2
2071,그냥,2
2072,중지,2
2073,만남,2
2074,인재,2
2075,업주,2
2076,순탄,2
2077,난해,2
2078,보너스,2
2079,역풍,2
2080,우체국,2
2081,권유,2
2082,제값받기,2
2083,사면,2
2084,도세,2
2085,꿈틀,2
2086,수출입은행,2
2087,화질,2
2088,일단,2
2089,사이드카,2
2090,혼란,2
2091,다이어트,2
2092,개점,2
2093,단속,2
2094,혁명,2
2095,퀀텀,2
2096,점프,2
2097,비만,2
2098,권오준,2
2099,퇴진,2
2100,시원,2
2101,험로,2
2102,애환,2
2103,지자체,2
2104,대처,2
2105,승차권,2
2106,예매,2
2107,벽두,2
2108,무인,2
2109,자취,1
2110,매물,1
2111,갑자기,1
2112,까닭,1
2113,학자금,1
2114,이익환,1
2115,회서,1
2116,극적,1
2117,문구,1
2118,청담,1
2119,권오갑,1
2120,여론,1
2121,판제,1
2122,풍요,1
2123,어장,1
2124,통관,1
2125,대게,1
2126,초특,1
2127,항공권,1
2128,여행사,1
2129,확률,1
2130,점점,1
2131,콘크리트,1
2132,피신,1
2133,톈궁,1
2134,행동,1
2135,요령,1
2136,자금난,1
2137,타개,1
2138,청담동,1
2139,무슨,1
2140,라며,1
2141,소문,1
2142,오늘밤,1
2143,종료,1
2144,불변,1
2145,유일,1
2146,비채,1
2147,금융감독원장,1
2148,정무,1
2149,김기식,1
2150,정백,1
2151,전혀,1
2152,여의도,1
2153,보직,1
2154,성황리,1
2155,그리기,1
2156,자체,1
2157,조정제,1
2158,농어촌,1
2159,팝콘,1
2160,판촉,1
2161,이석주,1
2162,노선,1
2163,취항,1
2164,충실,1
2165,차주,1
2166,생사,1
2167,전자서명,1
2168,불능,1
2169,알리,1
2170,엑스,1
2171,통감,1
2172,심려,1
2173,유러,1
2174,피안,1
2175,어반,1
2176,빈티,1
2177,렉시스,1
2178,힐튼,1
2179,소파,1
2180,골디락스,1
2181,주식시장,1
2182,땅콩,1
2183,회항,1
2184,총괄,1
2185,발길,1
2186,재무,1
2187,실체,1
2188,선조,1
2189,모형,1
2190,플랜트,1
2191,자본금,1
2192,유빗,1
2193,고지,1
2194,보좌,1
2195,부탁,1
2196,민낯,1
2197,벼농사,1
2198,다분,1
2199,로얄,1
2200,볼보,1
2201,가솔린,1
2202,외도,1
2203,유천,1
2204,나들목,1
2205,마켓,1
2206,기공,1
2207,살림살이,1
2208,몰래,1
2209,정몽구,1
2210,수학,1
2211,달인,1
2212,직문,1
2213,가정부,1
2214,사교육비,1
2215,게이트맨,1
2216,라임,1
2217,개월새,1
2218,국민소득,1
2219,현황,1
2220,상신,1
2221,브레이크,1
2222,코덱스,1
2223,장만,1
2224,개헌안,1
2225,사유재산,1
2226,주유소,1
2227,용역,1
2228,발주,1
2229,온누리,1
2230,정보산업,1
2231,구심,1
2232,만들기,1
2233,신속,1
2234,알선,1
2235,인성,1
2236,체육,1
2237,독보,1
2238,텔레콤,1
2239,고정,1
2240,체크,1
2241,직불카드,1
2242,이상은,1
2243,수전,1
2244,김용덕,1
2245,반사,1
2246,젠트리피케이션,1
2247,정비,1
2248,당일,1
2249,사위,1
2250,모니터링,1
2251,무방비,1
2252,물걸레,1
2253,황사,1
2254,청소,1
2255,연내,1
2256,혼돈,1
2257,동시,1
2258,애산,1
2259,접종,1
2260,굴욕,1
2261,달이,1
2262,출장,1
2263,자마자,1
2264,통째,1
2265,평등,1
2266,위배,1
2267,통첩,1
2268,콘돔,1
2269,극기,1
2270,허가,1
2271,변경,1
2272,보행자,1
2273,안전성,1
2274,응시,1
2275,경부,1
2276,심야,1
2277,족쇄,1
2278,협상국,1
2279,반전,1
2280,솔솔,1
2281,두둑,1
2282,요건,1
2283,선방,1
2284,나랏빚,1
2285,디플레,1
2286,이스,1
2287,매경,1
2288,영국,1
2289,멀티,1
2290,리베이트,1
2291,제비,1
2292,구두,1
2293,피케,1
2294,어플,1
2295,예술,1
2296,컬래버레이션,1
2297,아틀리에,1
2298,군인,1
2299,산부인과,1
2300,나무,1
2301,다현,1
2302,대차,1
2303,면전,1
2304,금투,1
2305,만도,1
2306,보수,1
2307,미래에셋,1
2308,대중,1
2309,배수진,1
2310,국전,1
2311,물밑,1
2312,담판,1
2313,조심,1
2314,명분,1
2315,가뜩이나,1
2316,피처폰,1
2317,마일리지,1
2318,서브웨이,1
2319,로소,1
2320,비자,1
2321,천만원,1
2322,국무회의,1
2323,이혼소송,1
2324,재판,1
2325,임우재,1
2326,기각,1
2327,월성원전,1
2328,출력,1
2329,도달,1
2330,연구개발,1
2331,양극화,1
2332,편중,1
2333,만성,1
2334,의존,1
2335,동요,1
2336,공모,1
2337,김포시,1
2338,김포,1
2339,문화재단,1
2340,도대체,1
2341,트위터,1
2342,단일,1
2343,관리종목,1
2344,내주,1
2345,김정태,1
2346,데이터,1
2347,공부의신,1
2348,경협,1
2349,포스,1
2350,크리에이티브,1
2351,파티,1
2352,극장판,1
2353,애니메이션,1
2354,건틀렛,1
2355,메이저,1
2356,배급사,1
2357,통계청,1
2358,밀착,1
2359,렌즈,1
2360,주스,1
2361,콜린스,1
2362,패류,1
2363,신혼부부,1
2364,시진핑,1
2365,포문,1
2366,거취,1
2367,고동진,1
2368,언론,1
2369,맹비,1
2370,보복조치,1
2371,훨훨,1
2372,중국산,1
2373,수입품,1
2374,돈육,1
2375,엔화,1
2376,공동체,1
2377,장기전,1
2378,영구,1
2379,텍트,1
2380,금일,1
2381,소프트,1
2382,방수,1
2383,커버,1
2384,청춘,1
2385,마루,1
2386,김도연,1
2387,최유정,1
2388,에버랜드,1
2389,공시지가,1
2390,헌신,1
2391,경제성장률,1
2392,실리,1
2393,시민단체,1
2394,장비,1
2395,책정,1
2396,고용보,1
2397,상호,1
2398,더니,1
2399,시공사,1
2400,핵실험,1
2401,두크,1
2402,인터,1
2403,셋값,1
2404,존중,1
2405,문호,1
2406,권오현,1
2407,단순화,1
2408,감경,1
2409,거리,1
2410,안정화,1
2411,경계,1
2412,생리대,1
2413,마스크,1
2414,용기,1
2415,포장,1
2416,방지책,1
2417,교란,1
2418,지문,1
2419,긴축,1
2420,외야수,1
2421,동작,1
2422,롱펠로,1
2423,차이나,1
2424,선재,1
2425,타타대우상용차,1
2426,떨떠름,1
2427,후보자,1
2428,청문,1
2429,채택,1
2430,양파,1
2431,격리,1
2432,다오,1
2433,제사,1
2434,모습,1
2435,핑크,1
2436,클러치,1
2437,코크,1
2438,마들렌,1
2439,유플러스,1
2440,일회용품,1
2441,형광,1
2442,표백제,1
2443,정대선,1
2444,부인,1
2445,아나운서,1
2446,계명,1
2447,성공사례,1
2448,발간,1
2449,발언,1
2450,균형발전,1
2451,현판,1
2452,가면,1
2453,눈높이,1
2454,국선,1
2455,대리인,1
2456,삼양식품,1
2457,갈이,1
2458,섀도,1
2459,보팅,1
2460,결정족,1
2461,수박,1
2462,한해,1
2463,보건,1
2464,간호,1
2465,의문,1
2466,간호사,1
2467,면허,1
2468,가로,1
2469,악성,1
2470,파일,1
2471,철골,1
2472,비닐,1
2473,강풍,1
2474,청도,1
2475,미나리,1
2476,하우스,1
2477,동물,1
2478,디스크,1
2479,댄스,1
2480,원데이,1
2481,클래스,1
2482,아디다스,1
2483,마라톤,1
2484,가족사진,1
2485,명가,1
2486,스튜디오,1
2487,리븐,1
2488,순간,1
2489,책임자,1
2490,대표소송,1
2491,테이스티,1
2492,나인,1
2493,걸음,1
2494,공시생,1
2495,합산,1
2496,큐레이터,1
2497,한마디,1
2498,조명,1
2499,생계,1
2500,적합,1
2501,고등어,1
2502,갈치,1
2503,명태,1
2504,딜레마,1
2505,가닥,1
2506,여야,1
2507,원내대표,1
2508,합격자,1
2509,유동,1
2510,시민,1
2511,공익,1
2512,포스텍,1
2513,폐열,1
2514,디벨로퍼,1
2515,프린터,1
2516,세율,1
2517,천억,1
2518,자제,1
2519,진통,1
2520,아스피린,1
2521,하반기,1
2522,접때,1
2523,레슨,1
2524,새내기,1
2525,씨티,1
2526,통장,1
2527,비대,1
2528,코엑스,1
2529,경제활동,1
2530,메모,1
2531,패러다임,1
2532,코멧,1
2533,신평,1
2534,동해,1
2535,제철,1
2536,버닝,1
2537,수명,1
2538,뒷담화,1
2539,원서,1
2540,잭팟,1
2541,주인공,1
2542,페루,1
2543,해군,1
2544,목적지,1
2545,원함,1
2546,상호금융,1
2547,전입,1
2548,이해,1
2549,농촌진흥청,1
2550,농촌,1
2551,빈발,1
2552,항변권,1
2553,타나,1
2554,흥행,1
2555,스마트홈,1
2556,실증,1
2557,클린,1
2558,완공,1
2559,백금,1
2560,마이크로,1
2561,스프,1
2562,순방,1
2563,모양,1
2564,사탕,1
2565,다해,1
2566,유튜브,1
2567,블로그,1
2568,인스타그램,1
2569,자급,1
2570,한정,1
2571,프리드,1
2572,렉스,1
2573,양천구,1
2574,정성,1
2575,유혹,1
2576,주소,1
2577,한반도,1
2578,기후,1
2579,방치,1
2580,재앙,1
2581,세로,1
2582,보이콧,1
2583,장보고,1
2584,홍원,1
2585,웰빙,1
2586,품평,1
2587,사격,1
2588,중부,1
2589,전자출판,1
2590,아야,1
2591,달러화,1
2592,현지,1
2593,로드,1
2594,아침,1
2595,임시,1
2596,처방,1
2597,지적도,1
2598,로고스,1
2599,시스템스,1
2600,체외,1
2601,분자,1
2602,체불,1
2603,짜장면,1
2604,스타벅,1
2605,대농,1
2606,공백,1
2607,김영록,1
2608,후임,1
2609,농식품부,1
2610,페북,1
2611,재생,1
2612,절벽,1
2613,가시,1
2614,밭길,1
2615,턱걸이,1
2616,오윤아,1
2617,레이디,1
2618,굿네이버스,1
2619,서울시,1
2620,교육청,1
2621,가정,1
2622,아동,1
2623,길이,1
2624,초대형,1
2625,참고래,1
2626,실물,1
2627,표본,1
2628,오븐,1
2629,차명주,1
2630,허위,1
2631,정보보호,1
2632,자리,1
2633,앞서,1
2634,항의,1
2635,지용,1
2636,서류,1
2637,관행,1
2638,피죤,1
2639,메스,1
2640,충북도,1
2641,허탈,1
2642,소재,1
2643,지베르,1
2644,메이크업,1
2645,배용준,1
2646,기획사,1
2647,키이스트,1
2648,매입,1
2649,창조,1
2650,융합,1
2651,해안선,1
2652,동국제약,1
2653,치질,1
2654,화이트,1
2655,당신,1
2656,고백,1
2657,망치,1
2658,개포,1
2659,위장전입,1
2660,혼자,1
2661,다이슨,1
2662,주부,1
2663,간지,1
2664,모래,1
2665,채취,1
2666,해역,1
2667,복원,1
2668,다공,1
2669,정위,1
2670,할리우드,1
2671,센스,1
2672,위트,1
2673,그레이,1
2674,성폭력,1
2675,가해,1
2676,스트라이크,1
2677,려면,1
2678,총파업,1
2679,공적자금,1
2680,여태,1
2681,미수,1
2682,목걸이,1
2683,김태리,1
2684,잠실,1
2685,팬사인회,1
2686,일시,1
2687,사무,1
2688,불만족,1
2689,워크숍,1
2690,여성가족부,1
2691,고용노동부,1
2692,원예사,1
2693,실탄,1
2694,파란,1
2695,식목일,1
2696,대국민,1
2697,시흥,1
2698,관리자,1
2699,무자격,1
2700,수출입,1
2701,제일제당,1
2702,배려,1
2703,솔선,1
2704,뻥튀기,1
2705,전문직,1
2706,부메랑,1
2707,판검사,1
2708,권력,1
2709,고장,1
2710,무색,1
2711,회담,1
2712,전격,1
2713,친구,1
2714,아들,1
2715,전철,1
2716,선진국,1
2717,우즈베키스탄,1
2718,의료,1
2719,시간관리,1
2720,라이온,1
2721,시청,1
2722,번역,1
2723,대감,1
2724,가용,1
2725,기만,1
2726,위기탈출,1
2727,남아도,1
2728,교환,1
2729,산입,1
2730,범위,1
2731,점심시간,1
2732,식당가,1
2733,현수막,1
2734,이차전지,1
2735,스폰서,1
2736,단죄,1
2737,사각,1
2738,지대,1
2739,취사,1
2740,고부,1
2741,증설,1
2742,올인,1
2743,난의,1
2744,그늘,1
2745,패닉,1
2746,외국인투자,1
2747,양계,1
2748,쉐어,1
2749,고막,1
2750,항산화,1
2751,원료,1
2752,아스타,1
2753,잔틴,1
2754,함유,1
2755,아토,1
2756,팩트,1
2757,거짓,1
2758,한잔,1
2759,제등,1
2760,수단,1
2761,동원,1
2762,국익,1
2763,접착,1
2764,바세츠,1
2765,한준,1
2766,잔뼈,1
2767,계양,1
2768,스쿠티,1
2769,황금알,1
2770,거위,1
2771,컨소시엄,1
2772,소아당뇨,1
2773,소니코리아,1
2774,표창,1
2775,장지원,1
2776,신한카드,1
2777,조만간,1
2778,외투,1
2779,무성,1
2780,권익,1
2781,통신업,1
2782,맑음,1
2783,운송업,1
2784,붓기,1
2785,회계법인,1
2786,해당,1
2787,공영,1
2788,주차장,1
2789,고비,1
2790,물가상승률,1
2791,인과관계,1
2792,앞날,1
2793,방한,1
2794,대치,1
2795,홍대,1
2796,종로,1
2797,파킹,1
2798,화이,1
2799,캅스,1
2800,행성,1
2801,램프,1
2802,라이브러리,1
2803,수험생,1
2804,특단,1
2805,드로닛,1
2806,루펠,1
2807,유상호,1
2808,영미,1
2809,의성,1
2810,마늘,1
2811,워홈,1
2812,워치,1
2813,게리,1
2814,조선업,1
2815,유급,1
2816,탈환,1
2817,살균,1
2818,디스,1
2819,광역,1
2820,시외버스,1
2821,장착비,1
2822,달초,1
2823,한계,1
2824,동성,1
2825,저하,1
2826,영화감독,1
2827,장항준,1
2828,양승혁,1
2829,일촉즉발,1
2830,팽팽,1
2831,수사의뢰,1
2832,난임,1
2833,이츠굿,1
2834,쫄깃,1
2835,천연,1
2836,발효종,1
2837,식빵,1
2838,남북정상회담,1
2839,해즈브로,1
2840,발매,1
2841,환불,1
2842,대표팀,1
2843,반한,1
2844,딸기,1
2845,국정,1
2846,농단,1
2847,항소심,1
2848,김앤장,1
2849,방패,1
2850,옥중,1
2851,베저스,1
2852,게이츠,1
2853,통제,1
2854,이양,1
2855,농수산,1
2856,교류,1
2857,후지필름,1
2858,플래그,1
2859,여신,1
2860,시노펙,1
2861,시너지,1
2862,격랑,1
2863,질주,1
2864,유사,1
2865,매일유업,1
2866,우유,1
2867,레쉬,1
2868,경감,1
2869,방식,1
2870,홀로그램,1
2871,찾기,1
2872,부심,1
2873,증대,1
2874,테마주,1
2875,전송,1
2876,인테리어,1
2877,산리오,1
2878,타마,1
2879,보성,1
2880,증축,1
2881,공고,1
2882,동력,1
2883,유주현,1
2884,적정,1
2885,밥캣,1
2886,이자율,1
2887,웨어,1
2888,제프,1
2889,골퍼,1
2890,패럴림픽,1
2891,파이팅,1
2892,에세이,1
2893,영장,1
2894,발부,1
2895,캐나다,1
2896,독일,1
2897,별도,1
2898,상점,1
2899,유제품,1
2900,유통업,1
2901,막차,1
2902,호가,1
2903,찰떡,1
2904,명제,1
2905,리나,1
2906,상인,1
2907,재취,1
2908,살해,1
2909,사고사,1
2910,경찰관,1
2911,기소,1
2912,디스커버리,1
2913,순이익,1
2914,프롭,1
2915,습관,1
2916,실속,1
2917,완벽,1
2918,구슬,1
2919,방지,1
2920,장치,1
2921,프레임,1
2922,새우등,1
2923,보기,1
2924,정상회담,1
2925,불어,1
2926,경련,1
2927,의회,1
2928,초읽기,1
2929,위상,1
2930,파괴,1
2931,계절,1
2932,관료,1
2933,공기업,1
2934,금통위,1
2935,패싱,1
2936,모락모락,1
2937,선장,1
2938,방점,1
2939,이원식,1
2940,정보원,1
2941,품위,1
2942,기류,1
2943,선전포고,1
2944,원주민,1
2945,기형,1
2946,중요성,1
2947,독립성,1
2948,패션계,1
2949,시험대,1
2950,호남선,1
2951,고속,1
2952,불편,1
2953,인턴,1
2954,카메라,1
2955,최고점,1
2956,종이컵,1
2957,부터,1
2958,이병철,1
2959,성문,1
2960,노르웨이,1
2961,클라이너,1
2962,노르,1
2963,지아,1
2964,품질,1
2965,사막,1
2966,포켓몬,1
2967,리니지,1
2968,이정환,1
2969,금공,1
2970,이팔성,1
2971,로비,1
2972,무업,1
2973,캥거루,1
2974,외새,1
2975,다음주,1
2976,무역흑자,1
2977,태풍,1
2978,공적,1
2979,고도,1
2980,엘렌,1
2981,실라,1
2982,달팽이,1
2983,크림,1
2984,이징,1
2985,상이,1
2986,활개,1
2987,말미,1
2988,한겨울,1
2989,부지,1
2990,국유,1
2991,결항,1
2992,크루즈,1
2993,뱃고동,1
2994,막판,1
2995,회전,1
2996,적신호,1
2997,봄철,1
2998,노후,1
2999,발전소,1
3000,중국인,1
3001,중점,1
3002,즈칸,1
3003,너리,1
3004,중성,1
3005,체중,1
3006,기초과학,1
3007,삼익,1
3008,시즌,1
3009,봄봄,1
3010,페스티벌,1
3011,이해진,1
3012,분율,1
3013,대로,1
3014,스페셜,1
3015,공대,1
3016,학위,1
3017,리튬,1
3018,광산,1
3019,두드림,1
3020,생필품,1
3021,자원봉사자,1
3022,상자,1
3023,배움,1
3024,온기,1
3025,진심,1
3026,괴산,1
3027,성금,1
3028,토요일,1
3029,의인,1
3030,환자,1
3031,투병,1
3032,우울증,1
3033,극복,1
3034,손길,1
3035,지진,1
3036,가옥,1
3037,보태,1
3038,치기,1
3039,육아,1
3040,장려,1
3041,시골,1
3042,여건,1
3043,응원,1
3044,소년,1
3045,소녀가장,1
3046,자전거,1
3047,추구,1
3048,혼신,1
3049,부방,1
3050,한고비,1
3051,감리,1
3052,가수,1
3053,헨리,1
3054,옐로우,1
3055,컬러,1
3056,프리우스,1
3057,장례,1
3058,신임,1
3059,막중,1
3060,슈퍼바이저,1
3061,엑소,1
3062,아토피,1
3063,피부염,1
3064,무사,1
3065,위임장,1
3066,수정,1
3067,불투명,1
3068,신한,1
3069,감정,1
3070,김학규,1
3071,장병,1
3072,구체화,1
3073,위례신도시,1
3074,트램,1
3075,표류,1
3076,재기,1
3077,측량,1
3078,윤곽,1
3079,미팅,1
3080,하이브,1
3081,어워드,1
3082,목재,1
3083,신동주,1
3084,부친,1
3085,상대로,1
3086,의결권,1
3087,필수요소,1
3088,베이,1
3089,선금,1
3090,유진,1
3091,의미,1
3092,베일,1
3093,사물,1
3094,유력,1
3095,진에어,1
3096,하도급법,1
3097,상습,1
3098,난망,1
3099,열정,1
3100,강요,1
3101,베네수엘라,1
3102,이란,1
3103,사생활,1
3104,진의,1
3105,진정,1
3106,배기가스,1
3107,결함,1
3108,기도,1
3109,달랄,1
3110,평창동계올림픽,1
3111,개항,1
3112,허리,1
3113,세운,1
3114,관망,1
3115,처벌,1
3116,모면,1
3117,악어,1
3118,햇반,1
3119,식탁,1
3120,보류,1
3121,염두,1
3122,케빈,1
3123,아보,1
3124,자영,1
3125,기금,1
3126,저축은행,1
3127,시절,1
3128,수석,1
3129,이강철,1
3130,김대유,1
3131,코드,1
3132,자초,1
3133,사람인,1
3134,진짜,1
3135,아사,1
3136,방사,1
3137,이사회,1
3138,주의보,1
3139,짝퉁,1
3140,부업,1
3141,꼬리표,1
3142,업법,1
3143,정안,1
3144,발의,1
3145,시장경제,1
3146,확립,1
3147,판정,1
3148,추대,1
3149,시사,1
3150,복병,1
3151,기차,1
3152,핸드폰,1
3153,레저,1
3154,용품,1
3155,이내,1
3156,변혁,1
3157,연구원,1
3158,사명,1
3159,독자,1
3160,금리인하,1
3161,네덜란드,1
3162,모빌리티,1
3163,갤러리아,1
3164,타임,1
3165,마케터로,1
3166,비츠,1
3167,소풍,1
3168,샐러드,1
3169,설정,1
3170,대명,1
3171,웨이,1
3172,기프티콘,1
3173,경품,1
3174,추첨,1
3175,집안일,1
3176,남편,1
3177,맞벌이,1
3178,보이스피싱,1
3179,선의,1
3180,제설,1
3181,펑펑,1
3182,꼴찌,1
3183,엎친,1
3184,파국,1
3185,봉합,1
3186,되돌리기,1
3187,농작물,1
3188,성숙,1
3189,편집,1
3190,여지,1
3191,최적화,1
3192,중앙,1
3193,이병,1
3194,탁원,1
3195,하이엔드,1
3196,유라,1
3197,생방송,1
3198,누운,1
3199,폐쇄하,1
3200,실용,1
3201,스코,1
3202,아쿠아,1
3203,스웨이드,1
3204,린스,1
3205,쇼파,1
3206,양국,1
3207,정치권,1
3208,종일,1
3209,실마리,1
3210,세번,1
3211,봉쇄,1
3212,콜마,1
3213,수행,1
3214,장보기,1
3215,지식,1
3216,삼각파,1
3217,되레,1
3218,제동,1
3219,양도소득,1
3220,뒷돈,1
3221,김명호,1
3222,구속영장,1
3223,환전,1
3224,권위,1
3225,호랑이,1
3226,서대문구,1
3227,포방터,1
3228,명소,1
3229,심각,1
3230,뒷전,1
3231,예약판매,1
3232,미정,1
3233,단추,1
3234,다자,1
3235,시공,1
3236,영업정지,1
3237,가업,1
3238,만원,1
3239,억대,1
3240,로만,1
3241,대량,1
3242,공세,1
3243,똘똘,1
3244,찬밥,1
3245,신세,1
3246,무차별,1
3247,자진,1
3248,시로,1
3249,월스트리트,1
3250,잉글리쉬,1
3251,이용권,1
3252,증정,1
3253,폭음,1
3254,증거,1
3255,생수,1
3256,굴뚝,1
3257,양형,1
3258,증여세,1
3259,점유,1
3260,부상,1
3261,과거,1
3262,판박이,1
3263,관측,1
3264,펀치,1
3265,주초,1
3266,매집,1
3267,금고,1
3268,오류로,1
3269,생일도,1
3270,절세,1
3271,가문,1
3272,한국인,1
3273,보릿고개,1
3274,줄줄,1
3275,관람객,1
3276,지핀,1
3277,소방차,1
3278,추돌,1
3279,산수,1
3280,경단,1
3281,서러움,1
3282,중론,1
3283,형제,1
3284,첩첩산중,1
3285,카트,1
3286,유유,1
3287,퇴장,1
3288,아베,1
3289,지지,1
3290,소리,1
3291,움직임,1
3292,깡통,1
3293,낙인,1
3294,인수합병,1
3295,얘기,1
3296,기름,1
3297,덩어리,1
3298,일색,1
3299,대체휴일,1
3300,전산,1
3301,탈락,1
3302,가두,1
3303,현미경,1
3304,망원경,1
3305,촉진,1
3306,허식,1
3307,코앞,1
3308,터키항공,1
3309,키자니아,1
3310,진주햄,1
3311,소시지,1
3312,이스터,1
3313,허쉬,1
3314,초코,1
3315,크런치,1
3316,용량,1
3317,줄줄이,1
3318,전매,1
3319,이체,1
3320,오라클,1
3321,전결,1
3322,호혜세,1
3323,여유,1
3324,반납,1
3325,부재,1
3326,여명,1
3327,사도,1
3328,자금지원,1
3329,구청,1
3330,국토교통부,1
3331,아이비클럽,1
3332,바지,1
3333,날벼락,1
3334,분노,1
3335,불기소,1
3336,군산시,1
3337,만행,1
3338,불매운동,1
3339,탄력,1
3340,질의,1
3341,아르콘,1
3342,필리핀,1
3343,투어,1
3344,듀플렉스,1
3345,영예,1
3346,안갯,1
3347,속기,1
3348,전광,1
3349,물품,1
3350,르포,1
3351,썰렁,1
3352,적막,1
3353,전날,1
3354,연락,1
3355,미즈,1
3356,나름,1
3357,일방,1
3358,유감,1
3359,측도,1
3360,셧다운,1
3361,지방선거,1
3362,착잡,1
3363,열차표,1
3364,암표,1
3365,유수,1
3366,올란도,1
3367,법인세,1
3368,성추행,1
3369,휴일,1
3370,스턴,1
3371,몸값,1
3372,땅값,1
3373,광역시,1
3374,기고가,1
3375,이재현,1
3376,고화질,1
3377,재편,1
3378,지하경제,1
3379,추정,1
3380,무혐의,1
3381,기업은행,1
3382,탈취,1
3383,징벌,1
3384,손배,1
3385,손톱,1
3386,유심,1
3387,와이파이,1
3388,바디,1
3389,로션,1
3390,만기,1
3391,천장,1
3392,여진,1
3393,시스,1
3394,멕스,1
3395,베스트,1
3396,손진,1
3397,김종희,1
3398,여사,1
3399,로미,1
3400,지안,1
3401,가든,1
3402,울프,1
3403,스테이크하우스,1
3404,상조업,1
3405,의정부,1
3406,접근성,1
3407,추모,1
3408,분당,1
3409,컨디션,1
3410,숙취,1
3411,개취,1
3412,취향,1
3413,음지,1
3414,콜센터,1
3415,임기,1
3416,보험금,1
3417,주인,1
3418,잔치,1
3419,한쪽,1
3420,알트,1
3421,단아,1
3422,김여정,1
3423,공기청정기,1
3424,노미,1
3425,소형,1
3426,노동시장,1
3427,구성훈,1
3428,이드,1
3429,스트레스,1
3430,동전,1
3431,노래방,1
3432,가방,1
3433,비행기,1
3434,탁송,1
3435,김상열,1
3436,돌출,1
3437,기축통화,1
3438,성남,1
3439,용인,1
3440,신입생,1
3441,경남,1
3442,도살,1
3443,사료,1
3444,중앙시장,1
3445,수호천사,1
3446,장난감,1
3447,헥스,1
3448,버그,1
3449,나노,1
3450,시리즈,1
3451,살림,1
3452,티타임,1
3453,양질,1
3454,정속,1
3455,노총,1
3456,수첩,1
3457,화재,1
3458,성철,1
3459,최영,1
3460,바이러스,1
3461,긴장,1
3462,산란,1
3463,상대,1
3464,법적,1
3465,한라,1
3466,닉스,1
3467,식물성,1
3468,알티,1
3469,지형,1
3470,트리어,1
3471,오메가,1
3472,서바이벌,1
3473,탈루,1
3474,입건,1
3475,알마티,1
3476,순환도로,1
3477,함영주,1
3478,러스트,1
3479,프리,1
3480,클룩,1
3481,리뉴얼,1
3482,해리포터,1
3483,티켓,1
3484,이낙연,1
3485,감당,1
3486,다이아몬드,1
3487,사려,1
3488,지멘스,1
3489,수미,1
3490,육사,1
3491,고의,1
3492,미분,1
3493,다방,1
3494,명문,1
3495,재량,1
3496,다이소,1
3497,칼텍스,1
3498,토끼,1
3499,사서,1
3500,학력,1
3501,특성,1
3502,구역,1
3503,종합병원,1
3504,혜민,1
3505,스틱,1
3506,자연,1
3507,조미료,1
3508,다린,1
3509,또봉,1
3510,통닭,1
3511,금메달,1
3512,획득,1
3513,제조,1
3514,삼광글라스,1
3515,이치,1
3516,휴먼,1
3517,베이비,1
3518,게시판,1
3519,감염,1
3520,관광지,1
3521,쉼표,1
3522,출처,1
3523,오리고기,1
3524,기사,1
3525,급부,1
3526,경기장,1
3527,비자카드,1
3528,포스코건설,1
3529,밸런타인데이,1
3530,김수,1
3531,경제성,1
3532,탁월,1
3533,악순환,1
3534,포화지방,1
3535,박기영,1
3536,어려움,1
3537,강타,1
3538,구걸,1
3539,쓰나미,1
3540,토막,1
3541,무디스,1
3542,종기,1
3543,신혼집,1
3544,열쇠,1
3545,행안부,1
3546,하나투어,1
3547,특보,1
3548,오영식,1
3549,넥쏘,1
3550,달리,1
3551,공기,1
3552,정화,1
3553,돼지고기,1
3554,불량,1
3555,귀향,1
3556,나흘,1
3557,전환율,1
3558,장경영,1
3559,소변,1
3560,키트,1
3561,헤드,1
3562,와디,1
3563,칭동,1
3564,신동아,1
3565,선포,1
3566,직거래,1
3567,마당,1
3568,작품,1
3569,하나로,1
3570,요금소,1
3571,다차,1
3572,끼리,1
3573,웃돈,1
3574,블랙먼데이,1
3575,포괄,1
3576,현안,1
3577,존재,1
3578,팩토리,1
3579,모디,1
3580,종이,1
3581,옷장,1
3582,윤진,1
3583,집행유예,1
3584,상조,1
3585,콘랩,1
3586,미스티,1
3587,기원,1
3588,응원단,1
3589,주얼리,1
3590,보석,1
3591,감별,1
3592,반품,1
3593,가도,1
3594,꽁꽁,1
3595,금주,1
3596,소규모,1
3597,규준,1
3598,나랏돈,1
3599,급여,1
3600,존엄,1
3601,사법,1
3602,구멍,1
3603,유가,1
3604,장기간,1
3605,줄기,1
3606,방지법,1
3607,주차공간,1
3608,리스트,1
3609,머스크,1
3610,라틴아메리카,1
3611,항로,1
3612,점심,1
3613,아세안,1
3614,돈맥,1
3615,경화,1
3616,왜곡,1
3617,차지,1
3618,강공,1
3619,일변도,1
3620,혜음,1
3621,부모님,1
3622,소주,1
3623,프라,1
3624,이즈,1
3625,연동,1
3626,티볼리,1
3627,증발,1
3628,해빙,1
3629,가주,1
3630,마포,1
3631,영등포,1
3632,판교,1
3633,밸리,1
3634,중관춘,1
3635,박삼구,1
3636,포옹,1
3637,폭로,1
3638,컴투스,1
3639,명부,1
3640,작성,1
3641,엔피,1
3642,아이즈,1
3643,전과,1
3644,출근,1
3645,분기,1
3646,교통카드,1
3647,서울대,1
3648,조의,1
3649,과학기술,1
3650,음성인식,1
3651,근속,1
3652,분식회계,1
3653,주가조작,1
3654,입회,1
3655,이중성,1
3656,각하,1
3657,강조,1
3658,메뉴,1
3659,짬뽕,1
3660,차위,1
3661,승차,1
3662,증도,1
3663,대학병원,1
3664,내추럴,1
3665,일리,1
3666,티크,1
3667,오프라인,1
3668,포획선,1
3669,옮는,1
3670,브루,1
3671,셀라,1
3672,옥천,1
3673,넷마블,1
3674,아이템,1
3675,일반,1
3676,햇살,1
3677,숙박,1
3678,미용,1
3679,업도,1
3680,개미,1
3681,유보,1
3682,가의,1
3683,외환위기,1
3684,감독,1
3685,암초,1
3686,야심,1
3687,일류,1
3688,발돋움,1
3689,다변,1
3690,기득권,1
3691,시기,1
3692,네트워크,1
3693,프로세스,1
3694,유동성,1
3695,리딩,1
3696,뷰티,1
3697,토스트,1
3698,주먹밥,1
3699,폐쇄시,1
3700,이완,1
3701,중고차,1
3702,침수,1
3703,이행,1
3704,중수부,1
3705,낙점,1
3706,킹콩,1
3707,부대찌개,1
3708,동대문,1
3709,장안,1
3710,아트,1
3711,몰링,1
3712,취소,1
3713,잔칫날,1
3714,정우,1
3715,고스,1
3716,당한,1
3717,묵묵,1
3718,철통,1
3719,선거,1
3720,경선,1
3721,박진선,1
3722,샘표식품,1
3723,손자,1
3724,보통주,1
3725,액면가,1
3726,이동,1
3727,박성택,1
3728,누굴,1
3729,소피아,1
3730,대답,1
3731,요즘,1
3732,등급제,1
3733,떼돈,1
3734,백화,1
3735,김양,1
3736,식장,1
3737,초토화,1
3738,수년,1
3739,한산,1
3740,약세,1
3741,동표,1
3742,신재생에너지,1
3743,알레르기,1
3744,타이페이,1
3745,게임쇼,1
3746,잡음,1
3747,일치,1
3748,입원,1
3749,인터넷,1
3750,방송,1
3751,스퀘어원,1
3752,영풍문고,1
3753,폴리코사놀,1
3754,론칭,1
3755,인증샷,1
3756,투팩,1
3757,웨이즈,1
3758,매트,1
3759,저렴,1
3760,평소,1
3761,홀몸,1
3762,센서,1
3763,고독사,1
3764,복지부,1
3765,케어,1
3766,자살,1
3767,전담,1
3768,부서,1
3769,간극,1
3770,덕성여대,1
3771,핏펫,1
3772,산학,1
3773,소셜커머스,1
3774,처붐,1
3775,로밍,1
3776,추심,1
3777,행정,1
3778,외압,1
3779,용액,1
3780,각본,1
3781,들러리,1
3782,패드,1
3783,동파,1
3784,토피아,1
3785,워리어,1
3786,고과,1
3787,추징,1
3788,첨가,1
3789,두유,1
3790,이욱,1
3791,귀성,1
3792,주중,1
3793,혼행,1
3794,정원,1
3795,백태,1
3796,항공정비사,1
3797,성교육,1
3798,계단,1
3799,인산인해,1
3800,연안,1
3801,천하,1
3802,뱅킹,1
3803,대요,1
3804,상률,1
3805,뒷걸음질,1
3806,파문,1
3807,급속,1
3808,냉각,1
3809,고액,1
3810,미역국,1
3811,떡볶이,1
3812,쌀국수,1
3813,식전,1
3814,절정,1
3815,후끈,1
3816,외임,1
3817,유상증자,1
3818,변칙,1
3819,무리수,1
3820,종류,1
3821,생생,1
3822,칼로리,1
3823,간식,1
3824,마녀,1
3825,워터,1
3826,젤리,1
3827,제조물책임,1
3828,팬지,1
3829,데이지,1
3830,스웨덴,1
3831,기념품,1
3832,관세청,1
3833,강북,1
3834,형사,1
3835,개편안,1
3836,근로계약서,1
3837,드립,1
3838,다양성,1
3839,컨테이너선,1
3840,세차,1
3841,요청서,1
3842,제출,1
3843,아리아,1
3844,액션영화,1
3845,금투협,1
3846,권용,1
3847,워크아웃,1
3848,관제,1
3849,하이킥,1
3850,간접,1
3851,창립총회,1
3852,조세,1
3853,감사원,1
3854,공학,1
3855,초임,1
3856,비율,1
3857,하이,1
3858,쌍둥이,1
3859,축하,1
3860,정장,1
3861,예복,1
3862,루쏘소,1
3863,사형선고,1
3864,금회,1
3865,주방,1
3866,부라보,1
3867,돈자,1
3868,돈선물,1
3869,저장,1
3870,매수,1
3871,등급,1
3872,전무,1
3873,원코,1
3874,정유,1
3875,재료,1
3876,축적,1
3877,중동,1
3878,서유럽,1
3879,개척,1
3880,애플리케이션,1
3881,사적,1
3882,다짐,1
3883,리서치,1
3884,허브,1
3885,자원,1
3886,고도화,1
3887,무대,1
3888,채비,1
3889,전보,1
3890,만이,1
3891,측면,1
3892,중시,1
3893,별로,1
3894,출생,1
3895,레벨,1
3896,포고,1
3897,쪽박,1
3898,문서,1
3899,아공,1
3900,사무실,1
3901,나이키,1
3902,에픽,1
3903,리액트,1
3904,플라이,1
3905,니트,1
3906,만날,1
3907,무한,1
3908,배상,1
3909,북극,1
3910,통법,1
3911,이명희,1
3912,한남동,1
3913,가집,1
3914,텀블러,1
3915,리필,1
3916,자문,1
3917,우대금리,1
3918,가기,1
3919,장군,1
3920,심술,1
3921,주시,1
3922,구분,1
3923,스트라이프,1
3924,하순,1
3925,충치,1
3926,식약처,1
3927,자일리톨,1
3928,조세회피,1
3929,오명,1
3930,둘리,1
3931,좀비,1
3932,관치,1
3933,알리바바,1
3934,불확실,1
3935,큰손,1
3936,방아쇠,1
3937,본색,1
3938,반응,1
3939,미지,1
3940,원정,1
3941,지배,1
3942,자금세탁,1
3943,국민대,1
3944,프린팅,1
3945,응수,1
3946,쌀값,1
3947,미성년,1
3948,대파,1
3949,고추,1
3950,멸치,1
3951,알로,1
3952,하수,1
3953,공법,1
3954,한류,1
3955,자수,1
3956,소방,1
3957,경찰복,1
3958,무늬,1
3959,제조업체,1
3960,혹시,1
3961,역시,1
3962,오케이,1
3963,외국산,1
3964,롤러코스터,1
3965,손절매,1
3966,제의,1
3967,케이코,1
3968,생체인식,1
3969,신원,1
3970,종각역,1
3971,생산자,1
3972,라즈베리,1
3973,무보,1
3974,고육책,1
3975,마블링,1
3976,나스닥,1
3977,모주,1
3978,청약,1
3979,유승민,1
3980,김소현,1
3981,국가대표,1
3982,티몬,1
3983,균일,1
3984,자장면,1
3985,주파수,1
3986,대일,1
3987,금융기관,1
3988,유전자,1
3989,생체,1
3990,이식,1
3991,뒷받침,1
3992,피로,1
3993,공매도,1
3994,문체부,1
3995,관광업,1
3996,홍수,1
3997,조이,1
3998,확대경,1
3999,지갑,1
4000,내셔널,1
4001,지오,1
4002,그래픽,1
4003,술술,1
4004,비교,1
4005,천차만별,1
4006,흡수,1
4007,롤러,1
4008,코스트,1
4009,폐가,1
4010,크게,1
4011,실제,1
4012,자동차세,1
4013,할부,1
4014,이동준,1
4015,비결,1
4016,산다,1
4017,가상현실,1
4018,용산,1
4019,알람,1
4020,마사회,1
4021,김낙순,1
4022,가속도,1
4023,슬금슬금,1
4024,비도,1
4025,산천어,1
4026,축제,1
4027,열기,1
4028,텀브,1
4029,오향,1
4030,덕분,1
4031,가입자,1
4032,멘붕,1
4033,곰돌이,1
4034,뉴스룸,1
4035,작가,1
4036,발끈,1
4037,상임,1
4038,관섭,1
4039,사의,1
4040,공석,1
4041,출격,1
4042,급성,1
4043,피크,1
4044,안팎,1
4045,수상한,1
4046,진작,1
4047,섬유,1
4048,김종,1
4049,유영민,1
4050,관여,1
4051,강성주,1
4052,에스티,1
4053,유니,1
4054,콘텐츠,1
4055,결합,1
4056,코스,1
4057,증기,1
4058,성격,1
4059,우문,1
4060,탯줄,1
4061,부가세,1
4062,면세,1
4063,허수영,1
4064,우본,1
4065,형기,1
4066,이착륙,1
4067,양양공항,1
4068,하소연,1
4069,성열,1
4070,마리오,1
4071,아울렛,1
4072,서강,1
4073,엠앤,1
4074,스티커,1
4075,특례,1
4076,편입,1
4077,핫이슈,1
4078,노트,1
4079,에디,1
4080,특별판,1
4081,불법행위,1
4082,연관,1
4083,김어준,1
4084,의도,1
4085,기자,1
4086,일주일,1
4087,평택,1
4088,대교,1
4089,택용,1
4090,누진,1
4091,세도,1
4092,모험,1
4093,메이슨,1
4094,뷰텔,1
4095,심사,1
4096,원고,1
4097,손상,1
4098,핸드,1
4099,허그,1
4100,비타민,1
4101,생활용품,1
4102,이혼,1
4103,노소영,1
4104,실패,1
4105,병력,1
4106,파죽지세,1
4107,발뺌,1
4108,봄날,1
4109,광맥,1
4110,채굴,1
4111,사지,1
4112,벽지,1
4113,에베레스트산,1
4114,높이,1
4115,까치산역,1
4116,본점,1
4117,일관,1
4118,메시지,1
4119,송구,1
4120,타당성,1
4121,조속,1
4122,여당,1
4123,소멸시효,1
4124,백수,1
4125,경험,1
4126,파트너,1
4127,스퀘어,1
4128,디트로이트,1
4129,음질,1
4130,랠리,1
4131,반짝,1
4132,롱런,1
4133,제철소,1
4134,엄중,1
4135,청산,1
4136,분리,1
4137,학회,1
4138,혹평,1
4139,명단,1
4140,형평성,1
4141,조화,1
4142,엑소더스,1
4143,셰프,1
4144,양지훈,1
4145,전속,1
4146,방탄소년단,1
4147,홈피,1
4148,사두,1
4149,금융인,1
4150,우월,1
4151,의식,1
4152,테러,1
4153,대기,1
4154,아빠,1
4155,조율,1
4156,유정,1
4157,용강,1
4158,상소,1
4159,합리,1
4160,옴부,1
4161,폭등,1
4162,법안,1
4163,당장,1
4164,사재기,1
4165,장르,1
4166,주자,1
4167,홀린,1
4168,코닥,1
4169,서포터즈,1
4170,전화,1
4171,사포,1
4172,토론회,1
4173,배경,1
4174,바다이야기,1
4175,트라우마,1
4176,선회,1
4177,답변,1
4178,기지개,1
4179,냉소,1
4180,치면,1
4181,위헌,1
4182,규율,1
4183,헐리우드,1
4184,액션,1
4185,안톤,1
4186,오노,1
4187,진흥,1
4188,남발,1
4189,동행,1
4190,포럼,1
4191,칠레,1
4192,신도시,1
4193,호칭,1
4194,통일,1
4195,무장,1
4196,초고,1
4197,압도,1
4198,문제점,1
4199,스톱,1
4200,허사,1
4201,산통,1
4202,부장,1
4203,관상,1
4204,카페베네,1
4205,의결,1
4206,골든타임,1
4207,사흘,1
4208,고생,1
4209,수호,1
4210,대한,1
4211,오락가락,1
4212,불똥,1
4213,멤버,1
4214,연상,1
4215,폭설,1
4216,우편물,1
4217,리퍼,1
4218,웨딩,1
4219,덱스,1
4220,마곡,1
4221,이명,1
4222,마약,1
4223,발리,1
4224,근절,1
4225,미지수,1
4226,자동,1
4227,발렛,1
4228,주차,1
4229,소득공제,1
4230,일자,1
4231,리창,1
4232,겨눈,1
4233,기적,1
4234,입법,1
4235,다운,1
4236,대표자,1
4237,소모,1
4238,폭염,1
4239,침묵,1
4240,경제부총리,1
4241,우수수,1
4242,박상기,1
4243,비정상,1
4244,호식,1
4245,마리,1
4246,후퇴,1
4247,오티콘,1
4248,세미나,1
4249,참가자,1
4250,우양,1
4251,장학생,1
4252,서비스업,1
4253,급전,1
4254,지시,1
4255,수혜,1
4256,풀이,1
4257,두려움,1
4258,젖줄,1
4259,활주로,1
4260,이탈,1
4261,이륙,1
4262,편승,1
4263,니트족,1
4264,정밀,1
4265,주사,1
4266,전시관,1
4267,인파,1
4268,운전,1
4269,인자,1
4270,스테이크,1
4271,생선,1
4272,초밥,1
4273,발탁,1
4274,시크릿,1
4275,다이렉트,1
4276,민호,1
4277,신년사,1
4278,원인,1
4279,철새,1
4280,사이트,1
4281,호흡기,1
4282,각별,1
4283,창업가,1
4284,상상,1
4285,부결,1
4286,항원,1
4287,장흥,1
4288,도박,1
4289,박지,1
4290,구해,1
4291,실업자,1
4292,진앙,1
4293,충북,1
4294,강수,1
4295,발병,1
4296,어선,1
4297,조업,1
4298,손님,1
4299,닥터,1
4300,슬라이드,1
4301,희비,1
4302,쌍곡선,1
4303,유용,1
4304,폐점,1
4305,손해,1
4306,쇼케이스,1
4307,부가가치세,1
4308,연대,1
4309,산천,1
4310,창문,1
4311,바깥쪽,1
4312,명칭,1
4313,혼선,1
4314,상시,1
4315,사자,1
4316,먹는샘물,1
4317,과일,1
4318,음료,1
4319,환호성,1
4320,고질,1
4321,도공,1
4322,오토바이,1
4323,아시안,1
4324,하이웨이,1
4325,연매출,1
4326,유통업체,1
4327,성은,1
4328,다행,1
4329,이미경,1
4330,참여연대,1
4331,불쾌,1
4332,스쿨,1
4333,매일,1
4334,토익,1
4335,배포,1
4336,장악,1
4337,경비원,1
4338,디자이너,1
4339,제이,1
4340,감성,1
4341,스타일,1
4342,퀴즈,1
4343,론칭건보료,1
4344,직급,1
4345,길잡이,1
4346,영어선생님,1
4347,통역,1
4348,말로,1
4349,봇물,1
4350,다지,1
4351,워드,1
4352,향연,1
4353,디스플레이,1
4354,격돌,1
4355,부호,1
4356,봉양,1
4357,떡월,1
4358,수당,1
4359,끝내,1
4360,완만,1
4361,조항,1
4362,힘겨루기,1
4363,월급쟁이,1
4364,동상,1
4365,이몽,1
4366,생명력,1
4367,누비,1
4368,반값,1
4369,첫째,1
4370,전문점,1
4371,코코,1
4372,찌방,1
4373,명동,1
4374,제사상,1
4375,리자,1
4376,생전,1
4377,허리띠,1
4378,졸라맨,1
4379,종업원,1
4380,해고,1
4381,콩차,1
4382,엔씨소프트,1
4383,혐의,1
4384,상통,1
4385,울상,1
4386,토요타,1
4387,사가,1
4388,오로라,1
4389,두뇌,1
4390,엑시노스,1
4391,서빙,1
4392,서비스로봇,1
4393,어른,1
4394,인생,1
4395,락서,1
4396,엄지,1
4397,요소,1
4398,각심,1
4399,종목,1
4400,자기,1
4401,자신,1
4402,일드,1
4403,콘서트,1
4404,플랜코리아,1
4405,위험성,1
4406,자재,1
4407,날개,1
4408,각각,1
4409,제어,1
4410,반출,1
4411,대북,1
4412,송금,1
4413,형사고소,1
4414,득실,1
4415,공청회,1
4416,과도,1
4417,자격증,1
4418,디오스,1
4419,인베스트먼트,1
4420,즉각,1
4421,부합,1
4422,요인,1
4423,보톡스,1
4424,과민성,1
4425,방광,1
4426,편두통,1
4427,운동장,1
4428,부족,1
4429,카셰어링,1
4430,이노션,1
4431,드라이빙,1
4432,선글라스,1
4433,이세돌,1
4434,커제,1
4435,바둑,1
4436,대결,1
4437,카이스트,1
4438,최경철,1
4439,머리카락,1
4440,한수,1
4441,청색,1
4442,열자,1
4443,촛불,1
4444,연일,1
4445,꼬리,1
4446,미스터리,1
4447,제빵사,1
4448,수두,1
4449,주권,1
4450,결정경,1
4451,신년인사,1
4452,반환,1
4453,외곽순환,1
4454,북부,1
4455,법령,1
4456,숨기,1
4457,서울역,1
4458,영등포역,1
4459,민자역사,1
4460,국가귀속,1
4461,방어,1
4462,구로,1
4463,등기,1
4464,관사,1
4465,조달,1
4466,거짓말,1
4467,자세,1
4468,멀리,1
4469,보되,1
4470,오직,1
4471,곤두박질,1
4472,기분,1
4473,노심초사,1
4474,불통,1
4475,분통,1
4476,중구,1
4477,이용자,1
4478,저녁,1
4479,곰탕,1
4480,연탄,1
4481,헌혈,1
4482,시무,1
4483,퀄컴,1
4484,배현정,1
4485,박정현,1
4486,사무관,1
4487,신한은행,1
4488,후이저우시,1
4489,조례,1
4490,이강래,1
4491,자강,1
4492,불망,1
4493,파벽,1
4494,비거,1
4495,한자성어,1
4496,홍콩,1
4497,크루즈선,1
4498,아쿠아리우스,1
4499,입항,1
4500,고등학생,1
4501,몰이,1
4502,교육비,1
4503,남성은,1
4504,정기예금,1
4505,심상찮,1
4506,사회주의,1
4507,이직,1
4508,사직서,1
4509,차례,1
4510,창의성,1
4511,문제해결,1
4512,일터,1
4513,잠식,1
4514,디스토피아,1
4515,황금,1
4516,개띠,1
4517,롱패딩,1
4518,미니스커트,1
